6mer_peptide,query_accession,gene,mod_sites,aligned_pep_new,log2_1min,log2_2min,log2_4min,log2_8min,log2_16min,log2_32min
ELNEFP,P51149,RAB7A,Y183,VEQAFQTIARNALKQETEVELyNEFPEPIKLDKNDRAKASAES,1.2813607578626605,1.3138680479887754,1.410217341115289,1.6187720568181851,1.5762771587601228,1.4245726340923588
SDANFK,P18433,PTPRA,Y798,TLEQYEFCYKVVQEYIDAFSDyANFK-----------------,0.3747345024127609,0.2282865797987747,0.2861722373760308,0.2069518172813991,-0.39234985882282597,-0.5118376624910477
DIADPA,Q9Y2H5,PLEKHA6,Y492,YSPVRSPSARFERLPPRSEDIyADPAAYVMRRSISSPKVPPYP,0.11101773140736561,0.28124450229352455,-0.13965284907530412,0.09330255576029141,0.12198627705840492,-0.12798547105021318
NETEGP,O43609,SPRY1,Y53,EIQPTAILSLDQIKAIRGSNEyTEGPSVVKRPAPRTAPRQEKH,1.3705445551987534,1.7129138861907671,1.9444322645122403,2.0603178178127832,1.681196444391694,1.4019130903634325
QKSDKE,Q9UQB8,BAIAP2,Y157,KCQAELKKLRKKSQGSKNPQKySDKELQYIDAISNKQGELENY,0.5941169643905126,0.690481793346961,0.6738998984282955,0.8078184649465217,0.3864322913391472,0.31412285055871036
NPARFE,P53801,PTTG1IP,Y174,EMKTRHDEIRKKYGLFKEENPyARFENN---------------,0.004599346401498027,0.10991224801620497,0.18285321748184682,0.3144163630019433,0.3119647496249403,0.32272867942101247
GQDNDA,Q68CZ2,TNS3,S776; Y780,RQGSSAEQPLGGRLRKLSLGQyDNDAGGQLPFSKCAWGKAGVD,2.4451092884315595,2.8109065846248624,2.6457599994605006,2.548461858675951,1.8930799344403204,1.557879437527837
RLDLNM,P16333,NCK1,Y105,PSVPDSASPADDSFVDPGERLyDLNMPAYVKFNYMAEREDELS,1.8335208805390044,2.2247261418629094,1.973316069004436,1.3818431662958581,1.2365524380068624,1.1334204780474855
TPLVSR,Q13523,PRPF4B,Y849,TILKLCDFGSASHVADNDITPyLVSRFYRAPEIIIGKSYDYGI,0.09420470438638985,0.15762322358663158,0.03751020374652509,0.22054565662562536,0.08042064482365704,0.026998032226059687
TSENPT,Q13882,PTK6,Y447,RDPEQRPCFKALRERLSSFTSyENPT-----------------,1.1428472741092925,2.0165072751888267,2.2014434379919066,2.5498345109626515,2.4665082099608155,2.4288148605751654
FEHRQS,P04920,SLC4A2,Y73,QEAGSRGGEEPGRSYGEEDFEyHRQSSHHIHHPLSTHLPPDAR,2.9157461967409737,3.0962575550443363,2.67116353577046,2.5785695623220777,1.8923031540161832,0.953994728063598
TDEMET,P21359,NF1,Y2577,RQEMESGITTPPKMRRVAETDyEMETQRISSSQQHPHLRKVSV,1.693163453983929,1.9384424168279144,2.5281403925185075,2.564847676039256,2.087299331827267,0.742608418965021
SSFKDS,Q9Y5X1,SNX9,Y177,GPATGDDDDWDEDWDGPKSSSyFKDSESADAGGAQRGNSRASS,2.85341335579888,3.7921118607428275,3.6033564780533087,3.524698352660336,2.25736299623326,1.3440820253423817
KTVDPH,P29317,EPHA2,Y588,ARQSPEDVYFSKSEQLKPLKTyVDPHTYEDPNQAVLKFTTEIH,0.676399156694393,0.8072525646072478,0.801191567949721,0.9522710409785324,0.8314428832897185,0.8883420743490409
ATTTSG,P29317,EPHA2,Y772,LVCKVSDFGLSRVLEDDPEATyTTSGGKIPIRWTAPEAISYRK,0.3678846393337403,0.43352932908278885,0.39910229694042315,0.5295587780825223,0.9114404474929808,0.9800678096619602
DVFSKS,P29317,EPHA2,Y575,VGFFIHRRRKNQRARQSPEDVyFSKSEQLKPLKTYVDPHTYED,-0.2519915073936981,-0.3843455370250298,-0.28531935399811675,-0.19628228840579007,0.5165594349241922,0.725145420172137
SAPSEE,P42566,EPS15,Y849,TSATTTTNKEADPSNFANFSAyPSEEDMIEWAKRESEREEEQR,2.6461020928256307,3.479428960194608,3.9682321791584485,4.22582217358091,4.004264208291447,3.156848320842794
GADIIL,Q9NQ84,GPRC5C,Y387,LTSVYQPTEMALMHKVPSEGAyDIILPRATANSQVMGSANSTL,1.1362356190973057,0.9985786801936425,0.9995586028478087,1.585732458705352,1.4047232170108541,1.2238705919812296
SSSDAN,P42685,FRK,Y497,ERPTFETLRWKLEDYFETDSSySDANNFIR-------------,0.909900534563362,0.9540084355296663,1.1085994788708866,1.323979877334726,1.3602155722487141,1.3510373572726917
GHFVAL,P42685,FRK,Y46,KSTVIENPGALCSPQSQRHGHyFVALFDYQARTAEDLSFRAGD,1.9623948633251755,2.1005456844337917,2.1046415334879134,2.1776939527844434,2.130251542550225,1.9613356678573353
GIQGFE,Q05655,PRKCD,Y313,NQVTQRASRRSDSASSEPVGIyQGFEKKTGVAGEDMQDNSGTY,1.8110094312442235,2.5804118970911496,2.1792401952777043,1.5747286093281379,1.1795950546118543,0.6450454432725036
DQALME,O00459,PIK3R2,Y605,KGARQKKINEWLGIKNETEDQyALMEDEDDLPHHEERTWYVGK,1.1334029873014475,1.7848755265683751,2.536017698910667,2.9407246709339914,2.8278805415723918,2.4126686195806433
QLEEYT,O00459,PIK3R2,Y464,GAQLKVYHQQYQDKSREYDQLyEEYTRTSQELQMKRTAIEAFN,1.0549717708796151,1.1654800250854076,0.9494411879356898,0.9058369082007747,0.7363820828038169,0.5621522515230477
NPEPEL,P43405,SYK,Y323,GHRKSSPAQGNRQESTVSFNPyEPELAPWAADKGPQREALPMD,0.6826976476495177,0.9209860241379811,0.9009283717967277,1.1103318271122957,0.7612126555113239,0.9064720828947749
STYKAS,Q05397,PTK2,Y576,SSNDCVKLGDFGLSRYMEDSTyYKASKGKLPIKWMAPESINFR,-0.399769899091307,0.2918936587760775,0.3037550729422658,0.7664984630212182,0.5525570500947418,0.8699662383118836
AISVHV,Q9Y2X7,GIT1,Y545,GDELTTRLQPFHSTELEDDAIySVHVPAGLYRIRKGVSASAVP,0.8361551547089827,1.004287847053782,0.8123462544323018,1.2578187159910053,1.2075736105389472,1.0265954246868156
PVEDAA,Q14247,CTTN,Y421,QTPPVSPAPQPTEERLPSSPVyEDAASFKAELSYRGPVSGTEP,1.6528949873402738,1.5629051491867612,1.150676424181762,0.8308927436546518,0.20383781955256938,-0.37544732635902567
PVSMEA,Q14247,CTTN,Y446,ASFKAELSYRGPVSGTEPEPVySMEAADYREASSQQGLAYATE,1.4808944036973324,1.5401553280621738,1.1654441037124,0.9852316213531599,0.7889177050163373,0.4390268302714944
IPDDYP,Q5EBL8,PDZD11,Y7,---------------MDSRIPyDDYPVVFLPAYENPPAWIPPH,1.6685406078964884,1.9930009526705437,1.952389024632972,2.3001453779676777,1.8717611454194205,1.0767621604300182
TDDFAP,Q9UM54,MYO6,Y1146,KSKNKKRNTETEQRAPKSVTDyDFAPFLNNSPQQNPAAQIPAR,0.694661299892879,0.96123233157105,1.6401786055359406,1.0843157707662932,-0.012199875129929096,-4.553571690933717
PLSKVT,Q99952,PTPN18,Y389,SGTQTGTGTGTGARSAEEAPLySKVTPRAQRPGAHAEDARGTL,1.8311226148358954,2.3392861684665456,2.6490049675735032,2.9207413812937695,2.7025056053455634,2.3197800544651623
QESDVV,Q12774,ARHGEF5,Y1100,MGGFSRRCSKLINSSQLLYQEySDVVLNKEIQSQQRLESLSET,2.6013124630026154,2.3961010143407067,2.2055367204514438,2.1266515701900124,1.9598632792382171,1.8320693080518162
ENNSVN,Q12846,STX4,Y115,GREIRLQLKAIEPQKEEADENyNSVNTRMRKTQHGVLSQQFVE,2.4836273619981406,3.011755422308311,3.0108900648650576,2.7779719083187473,1.892567212283329,1.5265863713011796
ADVERG,Q12846,STX4,Y251,EVEMQGEMINRIEKNILSSADyVERGQEHVKTALENQKKARKK,1.6082006728901543,2.3387006404194857,2.3211492498345256,2.2418267093568973,1.80115166371312,1.4747263302603264
EGEVVT,O00151,PDLIM1,Y321,FVEDQIYCEKHARERVTPPEGyEVVTVFPK-------------,2.926113126240876,3.3745430393975595,3.3418779271157293,3.321177491752131,3.0100733156035355,2.380583798702143
LSTRFS,P02786,TFRC,Y20,--MMDQARSAFSNLFGGEPLSyTRFSLARQVDGDNSHVEMKLA,0.6484876708464328,0.6132492151486197,0.8649958138994301,1.7903496718406646,1.5758738640953094,1.229086333585918
RQTSPE,Q13442,PDAP1,Y17,-----MPKGGRKGGHKGRARQyTSPEEIDAQLQAEKQKAREEE,1.7750205667348153,2.01422138037498,1.8947456754411742,2.0352233294318482,1.4631300175496793,1.2580917160430247
ALAAVN,Q9NZM3,ITSN2,Y968,PKSYVKIIPGSEVKREEPEALyAAVNKKPTSAAYSVGEEYIAL,2.0321477139930426,2.7648885446813085,2.977588152151872,2.7144839181882445,2.178679959974984,1.65426357415476
ALAQVK,Q8TEW0,PARD3,Y1127,GSMALNARPQSPREGHMMDALyAQVKKPRNSKPSPVDSNRSTP,-0.2969380323980546,-0.28752273483895724,-0.1940870521163023,0.1379505707113873,0.4484481785938887,-0.04312451696209057
RDAEIQ,Q8TEW0,PARD3,Y1080,EQERIQAKTREFRERQARERDyAEIQDFHRTFGCDDELMYGGV,0.3064519206432478,0.12742311893378766,0.013575957672738642,0.09233606527595323,0.13737456613536045,-0.1418310996667543
SAVAGE,Q9UNZ2,NSFL1C,Y167,KPRPFAGGGYRLGAAPEEESAyVAGEKRQHSSQDVHVVLKLWK,1.1514584153119145,1.4600404609885187,1.6330360778386672,1.776194361837371,1.3817531947692547,0.5477750918248122
SNFGLS,Q01804,OTUD4,Y438,IIRKPDRERVEDFDHTSRESNyFGLSPEERREKQAIEESRLLY,1.4366851775528002,1.8391881152883514,2.009158381997674,2.179570611482138,2.1160158769583637,1.4957553784537343
SEASVQ,P78324,SIRPA,Y496,MVHLNRTPKQPAPKPEPSFSEyASVQVPRK-------------,1.740636368684392,2.0722434817124475,2.120181331567147,2.2067477261492288,1.3912292518017957,1.1866880249252185
LAELQG,Q14254,FLOT2,Y241,ELQKSAFSEEVNIKTAEAQLAyELQGAREQQKIRQEEIEIEVV,1.8452543397042556,2.078972033800961,1.796069691589221,1.7781400110514884,1.3602468688569003,1.0181966326132075
NTSCSG,Q9BYM8,RBCK1,Y330,LQGTIRNSQEAEVSCPFIDNTySCSGKLLEREIKALLTPEDYQ,2.264395763886064,3.8683733047261524,4.6955581157556345,5.214022754828301,5.201438885625587,3.809626575229902
NGTNLP,Q8N4C8,MINK1,Y906,TMVVQRTPEEERNLLHADSNGyTNLPDVVQPSHSPTENSKGQS,1.9853462444160372,2.3342569281437777,2.522766168585888,2.536349913386071,1.8806018987860615,1.6421356269917338
HVSFPN,P49023,PXN,Y118,VSNPQDSVGSPCSRVGEEEHVySFPNKQKSAEPSPTVMSTSLG,0.031500778988048095,0.36872532182060136,0.3144186082102222,0.09899796946297311,-0.13712306517771558,-0.17872154026753417
PVGSSA,P49023,PXN,S84; Y88,DQWQPSSSRFIHQQPQSSSPVyGSSAKTSSVSNPQDSVGSPCS,0.5210771460713031,0.6038859065114449,0.7184239947422273,1.3029247591685509,1.2754664100059467,1.7279718259780539
PVGSSA,P49023,PXN,Y88,DQWQPSSSRFIHQQPQSSSPVyGSSAKTSSVSNPQDSVGSPCS,0.7753480090217614,0.9390376884352851,1.430162858283762,1.7686614383800683,1.4844834658046726,1.4550356773125792
FPDV,gi|61743954,AHNAK,Y5089,MyFPDVEFDIK,3.3429033317539854,3.396247879385104,3.114472489814277,2.848914624485314,2.389584456774641,1.9339542961340876
QDHFVV,Q92796,DLG3,Y673,FGSCVPHTTRPRRDNEVDGQDyHFVVSREQMEKDIQDNKFIEA,0.890677115638819,1.4514690937249093,1.7288229622066769,2.0713777076839968,2.427539295489025,2.501105596865705
NDMTSP,Q8IZP0,ABI1,Y213,LGRNTPYKTLEPVKPPTVPNDyMTSPARLGSQHSPGRTASLNQ,2.614501122516816,2.652024912254535,2.198818161618443,2.114238098866589,1.3945210349710615,1.3415635608810006
KSSPYD,P07355,ANXA2,Y235,ISIMTERSVPHLQKVFDRYKSySPYDMLESIRKEVKGDLENAF,0.4307704124287608,0.5571778887203557,0.48222039653699317,0.6710264089875593,0.7185721826401497,1.0190988790530446
IDELID,P07355,ANXA2,Y188,FRKLMVALAKGRRAEDGSVIDyELIDQDARDLYDAGVKRKGTD,0.08597963934416038,0.4891442795558433,0.7544142856396715,0.9325871173979217,0.5655433034752276,0.591921626539776
SAGSVK,P07355,ANXA2,Y24,TVHEILCKLSLEGDHSTPPSAyGSVKAYTNFDAERDALNIETA,0.633063689900901,0.9567925457502415,1.2191490442105741,1.4923903929136249,1.2713562402818026,0.8194111845330484
SPDMLE,P07355,ANXA2,Y238,MTERSVPHLQKVFDRYKSYSPyDMLESIRKEVKGDLENAFLNL,0.3066888575002393,0.44467817252273706,0.6134494793486791,0.750323326050331,0.8268776430651005,1.15323859496861
KATNFD,P07355,ANXA2,Y30,CKLSLEGDHSTPPSAYGSVKAyTNFDAERDALNIETAIKTKGV,2.5332560087696754,4.032852246235297,3.4006212620559557,2.934973765362321,2.026976287764632,1.4387033991534042
RVRDDT,Q9P206,KIAA1522,Y241,EAEAEAGAETEAMLQRHIDRVyRDDTFVGRSTGTRAPPLTRPM,2.7229521407042583,2.491237738466045,2.1579399598060336,2.1956595326780897,1.5488849330950447,1.0874431471302315
NNLECQ,Q5HYK7,SH3D19,Y452,PGELSCKRGDVLVMLKQTENNyLECQKGEDTGRVHLSQMKIIT,1.1923256002453266,1.8640214245183861,2.6257383735308104,2.1912614631428675,1.508001088131822,1.004800335449901
THYLLP,Q07912,TNK2,Y859; Y860,PRAGPCILPIVRDGKKVSSTHyYLLPERPSYLERYQRFLREAQ,2.8440663071143,2.7188940169812983,2.8140269211422213,2.8357198389637532,2.5729048442280296,4.861265153445273
DHVMQE,Q07912,TNK2,Y284,RDLVKIGDFGLMRALPQNDDHyVMQEHRKVPFAWCAPESLKTR,1.1480735546188061,1.4640391898650211,1.3742020997454008,1.3833055771496139,1.1177980649745114,0.19930060472600822
PTDPVS,Q07912,TNK2,Y518,LSVELSTSRPPQHLGGVKKPTyDPVSEDQDPLSSDFKRLGLRK,1.3294317103081215,1.6601723652698641,1.5730761848782095,1.275772731478787,0.8610448566331282,0.3900542804577443
YQIQSR,Q13627,DYRK1A,Y321,RSAIKIVDFGSSCQLGQRIYQyIQSRFYRSPEVLLGMPYDLAI,0.0801159894066857,0.2665392063576483,0.024101327955843035,0.13417052290920342,0.22786629397449942,0.005707058382305476
RVESIG,Q8N3R9,MPP5,Y243,LAHDKVAEQEMQLEPITDERVyESIGQYGGETVKIVRIEKARD,1.1736367714626719,1.0541111112241959,0.7041570986530759,1.01966536496949,0.8806330697122682,0.7724839600875814
VIDFIE,O00401,WASL,Y256,LFDMCGISEAQLKDRETSKVIyDFIEKTGGVEAVKNELRRQAP,0.3263653407551472,0.6012208553574658,0.4275177382863825,0.1173178408174721,-0.14188439406810655,-0.346612604991709
TLDFPG,P46109,CRKL,Y132,GSVSAPNLPTAEDNLEYVRTLyDFPGNDAEDLPFKKGEILVII,0.8958169891696244,0.9541941583568752,1.0075650950766581,1.224510346618682,0.9199007132861198,0.8512450972566924
NSGIPE,P46109,CRKL,Y198,YVEKLVRSSPHGKHGNRNSNSyGIPEPAHAYAQPQTTTPLPAV,1.5746465654833375,1.6653532005002303,1.7067896279236743,1.9124949203272432,1.7470368210157674,1.4435364929415933
ADTHFT,Q8IVM0-2,CCDC50,Y455,SKNERPARPPPPIMTDGEDADyTHFTNQQSSTRHFSKSESSHK,2.2279111008657484,2.206200154412496,2.2565143299218344,2.3265601180947644,1.507182485215805,0.6826652749820163
NDIDNP,Q9C004,SPRY4,Y52,LQHPLTILPIDQVKTSHVENDyIDNPSLALTTGPKRTRGGAPE,2.128055933629542,2.860558128954457,3.1929221019854057,3.1999596878274086,3.29473351426336,2.686844013715379
VREGSY,O95810,SDPR,Y395,LTIVEDEEEESVALEQAQKVRyEGSYALTSEEAERSDGDPVQP,1.7229784465696543,2.06661355611011,1.8526255645325855,1.758906637015484,1.5610847566008401,1.0393542984266753
DYKASV,Q14289,PTK2B,Y580,SPECVKLGDFGLSRYIEDEDYyKASVTRLPIKWMSPESINFRR,1.1662630248006027,1.3779700473074727,1.3313253313365527,1.2273599734408347,1.1976462237805243,1.091634859753195
PEYTLR,Q96JJ3,ELMO2,Y48,KRPLASIIKEVCDGWSLPNPEyYTLRYADGPQLYITEQTRSDI,0.7621646010531781,0.7152434461593292,0.6128271838304508,0.946170765604685,0.8265788301414569,0.5996181759258337
EDESSA,Q9UIQ6,LNPEP,Y70,RGSRLLVRGLGEHEMEEDEEDyESSAKLLGMSFMNRSSGLRNS,0.12405008340875723,0.579046028465445,0.8680128581101896,1.1810613055221326,1.618087632917975,1.595732954695363
LDVELS,Q9H2D6,TRIOBP,Y1945,GSEVISRGGPRKADGQRQALDyVELSPLTQASPQRARTPARTP,1.9119080984056607,2.2757507317333623,2.0982028270052164,2.132686205068321,1.5052096161975463,1.0697276200506842
VRDNLS,Q9C0B5,ZDHHC5,S529; Y533,AERHPRLVPTGPTHREPSPVRyDNLSRHIVASLQEREKLLRQS,0.5637745072734112,0.3593365187349418,0.06146427555705976,0.19062857442562242,0.015918200353318483,-0.11999761773487859
LPQDTT,Q8N4S9,MARVELD2,Y23,SNDGRSRNRDRRYDEVPSDLPyQDTTIRTHPTLHDSERAVSAD,2.6305558386571057,2.7356651447675957,2.4844611218529327,2.486882815867758,1.716107338083093,1.3275219888805128
GEEELL,Q86W92,PPFIBP1,Y353,CLNRYKKMQDTVVLAQGKDGEyEELLNSSSISSLLDAQGFSDL,2.3393635942075277,3.120268158603071,3.3158527318337856,2.802202588492256,1.7433216007102408,1.1121315128591909
REFTFP,P55196,MLLT4,Y1230,EQTPPPRPEAYPIPTQTYTREyFTFPASKSQDRMAPPQNQWPN,1.5797107520881841,1.8078407944167998,1.3943008682433298,1.170714844485409,0.4281220427124066,0.2597351408788616
HPELLL,Q92625,ANKS1A,Y455,EVLSMRPRIHGSAAREEDEHPyELLLTAETKKVVLVDGKTKDH,1.4466950786855415,1.3413325720925602,1.1613757246874246,1.0132786453677622,0.3127306139225398,0.301416159881539
DQSLVE,P27986,PIK3R1,Y607,QKGVRQKKLNEWLGNENTEDQySLVEDDEDLPHHDEKTWNVGS,2.197905725660636,2.08036577300204,2.1639013580840536,2.4364262668653,2.460951873849021,2.3617415932456556
RLEEYT,P27986,PIK3R1,Y467,GKKLHEYNTQFQEKSREYDRLyEEYTRTSQEIQMKRTAIEAFN,0.4299028152281243,0.49890008912379613,0.370118392747481,0.5446142977822074,0.6022756532062529,0.3568729852661021
GGGSRS,P13647,KRT5,Y60,GGGGGGGFGRVSLAGACGVGGyGSRSLYNLGGSKRISISTSGG,0.5109955452532579,0.8757770220437863,1.0718639385045872,1.4869086512406016,1.4177258074383339,1.1786008555180927
AVTTTG,Q15375,EPHA7,Y791,LVCKVSDFGLSRVIEDDPEAVyTTTGGKIPVRWTAPEAIQYRK,0.034363815514233835,0.0803466382497056,-0.08624027582074412,0.00806336598076743,0.3200460370465696,0.5195195312137186
GDYDLY,Q06124,PTPN11,Y62,FTLSVRRNGAVTHIKIQNTGDyYDLYGGEKFATLAELVQYYME,0.13512016586413558,0.17379229217776854,0.2689575584287697,0.42565187410690836,0.3570312941043841,0.42263320822600725
TRYSPC,A5YM69,ARHGEF35,Y182,LGSGQAEEEEETSSDNSGQTRyYSPCEEHPAETNQNEGAESGT,3.924649467549913,4.046285512503853,3.043705396895834,3.4902157305052235,3.5775477886658624,2.8892042796158615
QKFELE,Q14160,SCRIB,Y1360,QPPTPGPAASPEQLSFRERQKyFELEVRVPQAEGPPKRVSLVG,3.280770213752915,3.771452381004699,3.321178088450878,2.877865485963943,1.9234411139504386,1.3781777188364417
LVQVPQ,Q96PD2,DCBLD2,Y750,QAQYDTPKAGKPGLPAPDELVyQVPQSTQEVSGAGRDGECDVF,1.691701717724986,1.2610241301571206,1.1121160496768323,1.1120064006870103,0.9943756335345401,0.8093774525067994
DGSYPS,P01130,LDLR,Y845,DNPVYQKTTEDEVHICHNQDGySYPSRQMVSLEDDVA------,0.5972582779767911,0.5196685184459234,0.6618483181535731,1.1117952402858104,0.5607361544857205,0.5238814706353963
SIESVR,Q9UN19,DAPP1,Y139,ETGTLMVLKHPYPRKVEEPSIyESVRVHTAMQTGRTEDDLVPT,3.0778444322509215,3.7040242173271927,3.0491762749681466,1.7437516314227302,0.6597705166899477,-0.1187001120171583
EHGTSP,O75815,BCAR3,Y266,SGAIIFQPINRTVPLRCLEEHyGTSPGQAREGSLTKGRPDVAK,-0.5938520811838766,-0.4921256165973749,-0.5743921982054017,-0.4764578427152402,-0.29570560921688305,0.12673984741001287
NETARQ,P07947,YES1,Y426,GENLVCKIADFGLARLIEDNEyTARQGAKFPIKWTAPEAALYG,0.01678792366015431,0.19272027245536832,-0.0443661395469464,0.064098099137999,0.013437614600501213,0.1787227292661682
PHEKVS,P52799,EFNB2,Y304,GSEPSDIIIPLRTADSVFCPHyEKVSGDYGHPVYIVQEMPPQS,0.28607397908127996,0.3538028624972935,0.15601294103594418,0.23355675496413555,0.34737344867333303,0.22618241293165794
NVYELN,Q5T5P2,KIAA1217,Y244,TMKMLESPSVAIYIKDESRNVyYELNDVRNIQDRSLLKVYNKD,0.07374752351086145,0.2774423806780275,0.38995766193453896,0.6289401279270654,0.5846247021019735,0.5293878637907411
GFADPY,Q5T5P2,KIAA1217,Y393,DVKPDEDMSGKNIAMYRNEGFyADPYLYHEGRMSIASSHGGHP,0.16373711800665777,0.37261494669388645,0.18327742899869823,0.3744736745393357,0.44811407746647736,0.30663903170408463
DIERMV,Q99569,PKP4,Y372,GPSLQRTVHDMEQFGQQQYDIyERMVPPRPDSLTGLRSSYASQ,0.49500013185761643,0.4925970187639823,0.6918954609935952,0.8748546641788213,0.7955609437592918,0.7622573087177357
TNVDFY,Q99569,PKP4,Y1168,RVHFPASTDYSTQYGLKSTTNyVDFYSTKRPSYRAEQYPGSPD,0.3290890615893149,0.6113852735307488,0.5192861092932096,0.5531213763656798,0.5559511986728332,0.6612942939122546
PIIITE,P07948,LYN,Y316,KTLQHDKLVRLYAVVTREEPIyIITEYMAKGSLLDFLKSDEGG,0.38341899863550694,0.4480718579248609,0.40307630383370546,0.47656752402049624,0.48903116525346324,0.391124701316899
NGISAA,gi|5901912,CALM3,Y100,VFDKDGNGyISAAELR,0.8144574811566933,1.2308187097944183,1.2516040332478953,1.4894002282178864,1.3647844284456048,1.15879006254941
QRSSDP,P00533,EGFR,Y1069,ACIDRNGLQSCPIKEDSFLQRySSDPTGALTEDSIDDTFLPVP,3.8691180758974584,3.9641861049910636,3.889612166215755,3.452588666723781,2.725843336139279,2.1576057188673494
NFRALM,P00533,EGFR,S991; Y998,RYLVIQGDERMHLPSPTDSNFyRALMDEEDMDDVVDADEYLIP,3.0544071701318005,3.730454774832801,4.364453241755271,4.544053462474401,4.630226167395994,4.611967629684253
AELRVA,P00533,EGFR,Y1197,FFPKEAKPNGIFKGSTAENAEyLRVAPQSSEFIGA--------,3.506304355298565,3.8122690029301824,3.693643489385937,3.8464369631689554,3.351122525660179,2.969213197447822
NFRALM,P00533,EGFR,Y998,RYLVIQGDERMHLPSPTDSNFyRALMDEEDMDDVVDADEYLIP,2.9502056973245816,3.4344184591523383,3.2680243628988803,3.075977673184927,2.6519459244349766,1.9807662762203353
PDQQDF,P00533,EGFR,S1166; Y1172,FDSPAHWAQKGSHQISLDNPDyQQDFFPKEAKPNGIFKGSTAE,1.749797137712509,2.441851921207239,2.284834089231704,2.0217142733233264,1.8648367446011873,1.5115768838294574
PDQQDF,P00533,EGFR,Y1172,FDSPAHWAQKGSHQISLDNPDyQQDFFPKEAKPNGIFKGSTAE,3.364343711713945,3.4761427370859312,3.4233095373229867,3.5010310760890677,3.247862344663855,2.790734283648752
DGVKPQ,P51692,STAT5B,Y699,VYSKYYTPVPCESATAKAVDGyVKPQIKQVVPEFVNASADAGG,2.9400180866939123,3.5143973951821588,3.888737874869241,4.0873074615710525,4.339782778659092,4.361204850577912
PSVNVQ,P29353,SHC1,Y427,VRKQMPPPPPCPGRELFDDPSyVNVQNLDKARQAVGGAGPPNP,3.3832892092028484,3.5494435957026975,3.5169477409832477,3.5210823454271836,3.313540511620387,2.92654613872336
HQYNDF,P29353,SHC1,Y349; Y350,RMAGFDGSAWDEEEEEPPDHQyYNDFPGKEPPLGGVVDMRLRE,3.1144691004513527,3.3143829433911023,3.331153265028428,3.281449963987325,3.1291556545864467,2.917909362994125
DRSLVS,Q9Y446,PKP3,Y195,ADYDTLSLRSLRLGPGGLDDRySLVSEQLEPAATSTYRAFAYE,3.067735308292838,3.0630961629472075,2.7981754647822568,2.6276451257918616,1.6082187129129342,1.2675780311965592
ADDTLS,Q9Y446,PKP3,Y176,PPMPTRPVSFHERGGVGSRADyDTLSLRSLRLGPGGLDDRYSL,1.3637290820911865,1.6828769753892285,1.4448238761167624,1.467695878438636,0.9852797228773692,0.8421077028811284
LIDNAD,Q9Y446,PKP3,Y390,LFNHANQEVQRHATGAMRNLIyDNADNKLALVEENGIFELLRT,0.47435248608214337,0.5055682204759823,0.4852687164580691,0.5069758458536058,0.5329187754067428,0.48704214092576215
GQHTLQ,Q9Y446,PKP3,Y84,HNGAAEPEPEAETARGTSRGQyHTLQAGFSSRSQGLSGDKTSG,1.7275258116915326,1.787721972362909,1.7776009835012971,1.7099509673941258,1.0118325016086067,0.3529171871903565
TDYRKG,P06213,INSR,Y1189,AHDFTVKIGDFGMTRDIYETDyYRKGGKGLLPVRWMAPESLKD,1.148130941362079,1.397244089874819,1.1628899280330334,1.2055902913455319,0.7233857718429872,0.6206144846691781
LPEELW,Q9H706,FAM59A,Y453,DYLFPEASEESAGIPGKSELPyEELWLEEGKPSHQPLTRSLSE,2.3361576999515488,2.712872402739055,2.857531665601776,2.953523578526379,2.8767496356901523,2.706430775894658
PIAEST,Q86YV5,SGK223,Y411,GLTGEPQPPAHPREATQPEPIyAESTKRKKAAPVPSKSQAKIE,0.17900151019961846,0.20071430557282255,0.050206618944685144,0.13978612247353914,0.12450652855522307,0.10249729787070645
TEVATR,P28482,MAPK1,Y187,CDFGLARVADPDHDHTGFLTEyVATRWYRAPEIMLNSKGYTKS,2.065296429336643,3.8605820972885425,4.394941906738488,4.324682920455941,3.7529059706593637,3.493396500573149
TEVATR,P28482,MAPK1,T185; Y187,CDFGLARVADPDHDHTGFLTEyVATRWYRAPEIMLNSKGYTKS,1.7052780434342867,3.244412794395963,3.933544557918025,4.10042707593191,3.673047063528411,3.2404017210391753
GTGVVY,P06493,CDK1,Y15,-------MEDYTKIEKIGEGTyGVVYKGRHKTTGQVVAMKKIR,0.03740042454449667,0.09064747291162016,0.2292081580116368,0.20961227595464904,0.24110448982271002,0.27351833630758415
RDSTLT,P16144,ITGB4,Y1510,TRDYNSLTRSEHSHSTTLPRDySTLTSVSSHDSRLTAGVPDTP,1.195409886322211,1.3471772589539845,1.39061946861176,1.5422315387146728,1.2068505189538676,0.9670835589588233
GPSSLV,P16144,ITGB4,Y1207,LYPYCDYEMKVCAYGAQGEGPySSLVSCRTHQEVPSEPGRLAF,0.5774536662790511,0.7758815741601545,0.6483671483493192,0.8023410591682836,0.8885837680434946,0.6860305015543197
IDLMLK,Q96RT1,ERBB2IP,Y1293,QIHHPPQASVARHPSREQLIDyLMLKVAHQPPYTQPHCSPRQG,2.531523756560209,2.942007907542051,2.8262022369506705,2.5523202115156995,1.634308813381223,1.0535736595339296
GDLSYR,Q96RT1,ERBB2IP,Y1104,TASVNLGDPGSTRRAQIPEGDyLSYREFHSAGRTPPMMPGSQR,0.9188349186839636,0.8566183399886728,0.6073550539274795,0.7416417186165262,0.6885583143448737,0.7204287379522426
PDGALY,P19174,PLCG1,Y771,MKLRYPINEEALEKIGTAEPDyGALYEGRNPGFYVEANPMPTF,2.665653962689446,2.754537090820349,2.458473266159985,2.1755466606144322,1.7196333559253825,1.1041712361561793
GFVEAN,P19174,PLCG1,Y783,EKIGTAEPDYGALYEGRNPGFyVEANPMPTFKCAVKALFDYKA,2.877302254543463,3.084575874228547,2.8996735616032008,2.727481207172506,2.3609820854457837,2.107236616685573
SRQQPF,P19174,PLCG1,Y1253,GSDASGQLFHGRAREGSFESRyQQPFEDFRISQEHLADHFDSR,3.1756357057945976,3.3507830942574306,3.258507989124337,3.1119895222421454,2.63133976459453,1.8699712400554005
NISVPH,Q9NRY4,ARHGAP35,Y1105,PSDYAEPMDAVVKPRNEEENIySVPHDSTQGKIITIRNINKAQ,0.9823705958280554,0.9601194858059743,1.1435640130405589,1.4659190824709092,1.1133602850484046,1.2501401437798032
SLPSSE,O75886,STAM2,Y192,AKAIELSLQEQKQQHTETKSLyPSSEIQLNNKVARKVRALYDF,-0.11156633604520642,0.806740871684182,1.7806065528364339,3.0656299220316594,4.177998821986309,3.0427991410090134
PVIDED,O75886,STAM2,Y291,DKLNVIDDDVEEIKKSEPEPVyIDEDKMDRALQVLQSIDPTDS,2.3191721088504784,2.567480131145749,3.1300243919792456,3.5086136967206945,4.491332362798051,4.067142756757542
NCEEVK,P23528,CFL1,Y140,SSKDAIKKKLTGIKHELQANCyEEVKDRCTLAEKLGGSAVISL,0.7215849555243754,0.9347457010387384,0.9783440329260673,1.0658747641103452,1.472401165239749,1.8204459222326421
VDVVVD,Q13480,GAB1,Y659,TPPRKQKSSGSGSSVADERVDyVVVDQQKTLALKSTREAWTDG,2.972940898262702,3.3912438149405877,3.406332240952457,3.2566484183041298,2.757827148513847,2.4991972681751125
SSCIPT,Q13480,GAB1,Y373,HDRSPVETCSIPRTASDTDSSyCIPTAGMSPSRSNTISTVDLN,2.685690236250492,3.097628581681829,2.551521878588523,2.4585694308792014,1.8729928552755848,1.2431918201810048
DCDIPR,Q13480,GAB1,Y406,SNTISTVDLNKLRKDASSQDCyDIPRAFPSDRSSSLEGFHNHF,1.4203478127091644,1.5792441903622472,1.3436519108787814,1.3618302751989817,1.0243147324382396,0.47896349694715823
VELDLD,Q13480,GAB1,Y627,SNSLDGGSSPMIKPKGDKQVEyLDLDLDSGKSTPPRKQKSSGS,2.44382255826943,2.873081299460344,2.926667829715141,2.9326569922464265,2.633386677306937,2.4083614948421146
VNEEDA,P16591,FER,Y402,KELLEQKVQENDGKEPPPVVNyEEDARSVTSMERKERLSKFES,0.661505041503446,0.7900603680407488,0.8354248006216797,1.152752026021514,0.7496418108863175,0.8434526619886072
APLKTK,P40763-2,STAT3,Y704,FGKYCRPESQEHPEADPGAAPyLKTKFICVTPTTCSNTIDLPM,0.8571921722064357,1.0375975897155763,1.1318000090919604,1.1554102242746058,0.666714223441973,-0.008713806618529284
GDGQLH,O60674,JAK2,Y570,ESLGQGTFTKIFKGVRREVGDyGQLHETEVLLKVLDKAHRNYS,1.1611468684854933,1.3567418605826451,1.2349439683476557,1.381534026617841,0.9631727456117155,0.7919608880106909
TGVATR,Q16539,MAPK14,Y182,DCELKILDFGLARHTDDEMTGyVATRWYRAPEIMLNWMHYNQT,0.4376073442492479,1.2251840765048954,1.9753455749528988,2.0371217725395887,1.6747799393200764,0.8106973070720013
RPFTVD,Q15223,PVRL1,Y468,GGGERKVGGPHPKYDEDAKRPyFTVDEAEARQDGYGDRTLGYQ,1.3630048476723324,1.5214868131154937,1.1923747010092647,1.0810131467852446,0.7050769284313643,0.3926505353597732
PHFSPF,Q13242,SRSF9,Y214,SRSRSGSRGRDSPYQSRGSPHyFSPFRPY--------------,0.6893958231528021,0.4885731396626421,0.6113189003789445,0.7207329538566493,0.44286379713242097,0.524912626596307
VELESR,Q70EL4,USP43,Y835,PLRWSFGSKEKPPGASVELVEyLESRRRPRSTSQSIVSLLTGT,1.6622235272490038,1.8123999907878183,1.8220898596876498,1.960288332732942,1.3037566622367054,0.8646417495976009
MIQDEV,Q6NZI2,PTRF,Y156,IKKLEVNEAELLRRRNFKVMIyQDEVKLPAKLSISKSLKESEA,-0.03543760893981895,0.035091076444066324,-0.05057831409880638,-0.050816378421399695,-0.03251392473844474,-0.1345863437306031
EVDTPP,P56945,BCAR1,Y267,QDIYDVPPVRGLLPSQYGQEVyDTPPMAVKGPNGRDPLLEVYD,1.2242385117897745,1.5943352021103303,1.3064019801661901,1.5316645687080301,1.2649907929704676,1.1879929947140537
GVAVPP,P56945,BCAR1,Y410,VPRERVLPPEVADGGVVDSGVyAVPPPAEREAPAEGKRLSASS,1.1234089280629393,1.37461712901088,1.3426856096233495,1.6019761773210035,1.4978389924146545,1.3461295369153419
DEDIPR,P56945,BCAR1,Y234,VVPTRVGQGYVYEAAQPEQDEyDIPRHLLAPGPQDIYDVPPVR,0.3761884674398213,0.3007508791921613,0.5558354728775704,0.8193146411182902,0.6677214624482353,0.5534631755490376
ETDVPP,P56945,BCAR1,Y327,YDVPPSVSKDVPDGPLLREETyDVPPAFAKAKPFDPARTPLVL,-0.667471148220842,-0.7418827965589984,-0.6081941923921647,-0.3373662768385005,-0.19938452484489294,0.02024347350675359
TLDVPR,P56945,BCAR1,Y387,PPAPDLYDVPPGLRRPGPGTLyDVPRERVLPPEVADGGVVDSG,0.367457560028296,0.4600330608938081,0.42769237638595087,0.7454479399557095,0.5189521425786291,0.38650833137070195
DVDVPP,P56945,BCAR1,Y362,PARTPLVLAAPPPDSPPAEDVyDVPPPAPDLYDVPPGLRRPGP,0.9962041230679933,0.7119981751165486,0.4564249313694995,0.7789876724629246,0.43402431919813955,0.024748951639205763
TVALKD,Q14155-1,ARHGEF7,Y595,VEETKSNGQTVIEEKSLVDTVyALKDEVQELRQDNKKMKKSLE,-0.2197389022443856,0.2392645951336943,0.28830951680605177,0.29027024906573295,0.31007349109770826,0.13070109744953634
EFA---,P31431,SDC4,Y197,DEGSYDLGKKPIYKKAPTNEFyA--------------------,0.3499083172938944,0.4453341298591727,0.3940316411585416,0.4120247915962961,0.3472700564139012,0.3449255222795207
KIIDPF,P29323,EPHB2,Y596,SEYTDKLQHYTSGHMTPGMKIyIDPFTYEDPNEAVREFAKEID,0.6997465353962332,0.8927609119497871,0.4353662421740685,0.8288263763517157,0.7154436098542147,0.26891053467400744
PDWHSR,P21860,ERBB3,Y1328,YARLKTLRSLEATDSAFDNPDyWHSRLFPKANAQRT-------,1.777541850842277,2.1701626363751383,2.211952473360701,2.281792098429335,1.3324318218293512,1.2059180616633864
YGGYGR,P98179,RBM3,Y127,GGGDQGYGSGRYYDSRPGGYGyGYGRSRDYNGRNQGGYDRYSG,1.3916406456467654,1.7783541235348925,2.003067543152139,2.218211824365033,2.0238790698645572,1.3153632837271565
SSSSNS,Q96QD8,SLC38A2,Y20,--MKKAEMGRFSISPDEDSSSySSNSDFNYSYPTKQAALKSHY,1.680624418672618,3.471368947327719,3.3626906112852697,3.8978178999093056,6.026536158528415,5.908809664982504
SHADVD,Q96QD8,SLC38A2,Y41,YSSNSDFNYSYPTKQAALKSHyADVDPENQNFLLESNLGKKKY,0.13436689233485088,0.47569424877954614,0.621606016676528,0.6177401899609474,0.8669799792946905,0.9510511330479425
VVTGDR,P05023,ATP1A1,Y260,TRNIAFFSTNCVEGTARGIVVyTGDRTVMGRIATLASGLEGGQ,0.6483753674776398,0.5722699863002034,0.5094298695537987,0.783470822594954,0.8545877632450622,0.38387118253393965
PHEKVS,P98172,EFNB1,Y317,GTEPSDIIIPLRTTENNYCPHyEKVSGDYGHPVYIVQEMPPQS,0.3143583837581409,0.5030091877663471,0.3794886585601925,0.7237035957190677,0.5538055850340119,0.6925951688865637
GRVLCP,P30530,AXL,Y866,QPDPKDSCSCLTAAEVHPAGRyVLCPSTTPSPAQPADRGSPAA,0.32008702896879015,0.40834585080535957,0.27497960770114366,0.22989652714806033,0.025589542416857184,-0.019337914052995998
PHDDFR,Q86X29,LSR,Y551,SRDDLYDQDDSRDFPRSRDPHyDDFRSRERPPADPRSHHHRTR,1.9422400372916142,1.8197323247459918,1.5961738527734501,1.6336685338313097,1.2185270102308814,0.6506389490324438
LPDGRL,Q86X29,LSR,Y586,RSHHHRTRDPRDNGSRSGDLPyDGRLLEEAVRKKGSEERRRPH,1.5861899820441174,1.8071708277655436,1.5173953697268756,1.5376237451073065,1.0712434068534877,0.81073053660728
NDESIS,Q9NWQ8,PAG1,Y417,EEEKATLGTNGHHGLVPKENDyESISDLQQGRDITRL------,1.57681984445608,1.7570602584819468,1.6308406539354685,1.2858406968710092,0.9315196725983899,0.7870845141153567
FDVHDQ,Q9H329-2,EPB41L4B,Y493,SFQDDRSHWKASASGDDSHFDyVHDQNQKNLGGMQSMMYRDKL,3.210765999439212,3.399859256881726,3.2035417879716066,3.397981904060382,2.366806063260195,1.520702274401501
PELGLD,P04626,ERBB2,Y1248,PPERGAPPSTFKGTPTAENPEyLGLDVPV--------------,3.9786776069701917,4.075945773758813,3.8247296294445516,3.7317017831073627,3.365530626628451,3.3530408897230988
HNSEAE,Q9Y6I3,EPN1,Y17,-----MSTSSLRRQMKNIVHNySEAEIKVREATSNDPWGPSSS,1.8310932314818318,2.0417477271757454,3.7404457214969558,4.505258939942474,5.055020446651606,4.036062964111119
KVIDPF,P54760,EPHB4,Y590,GREAEYSDKHGQYLIGHGTKVyIDPFTYEDPNEAVREFAKEID,0.7229364082324331,0.7961315928765081,0.5864037513836811,0.758648023622716,0.5646726124574901,0.352890362392853
PTTSSL,P54760,EPHB4,Y774,VCKVSDFGLSRFLEENSSDPTyTSSLGGKIPIRWTAPEAIAFR,0.36853798077145966,0.3858174889023818,0.34117157565634615,0.4631020514781814,0.4735641627241731,0.42747979896519334
LREVTS,P15924,DSP,Y28,SHPRINTLGRMIRAESGPDLRyEVTSGGGGTSRMYYSRRGVIT,0.8747714674694741,1.3893386140167439,1.3523078830717767,1.5067096259415522,1.1034647793200532,0.7053194506724925
DGCQTG,P15924,DSP,Y56,GGTSRMYYSRRGVITDQNSDGyCQTGTMSRHQNQNTIQELLQN,1.4098864997263836,2.1816133807211306,1.2115180766238642,1.4041162662154913,0.8636419879050229,-0.12171079101616325
DSYYED,Q8IVM0,CCDC50,Y144,EEKKRKKHFPEFPATRAYADSyYYEDGGMKPRVMKEAVSTPSR,2.1271047481004373,2.627643886066223,2.805559883911225,2.988633460126077,2.570838316976083,1.426570360915386
RPSVGA,P22681,CBL,Y552,KPLPVPPTLRDLPPPPPPDRPySVGAESRPQRRPLPCTPGDCP,3.916409463355142,3.9483360012783013,3.5806518264997282,3.4455269318880655,2.9448790912379006,1.8685732316467012
PNDDDD,P22681,CBL,Y455,FDPRGSGSLLRQGAEGAPSPNyDDDDDERADDTLFMMKELAGA,2.78395451447072,3.033202214811264,2.68418802817779,2.7703331721385926,2.356086435648221,1.858589333025314
TEMTPS,P22681,CBL,Y700,RPLPVPKLPPGEQCEGEEDTEyMTPSSRPLRPLDTSQSSRACD,4.275100436514633,4.131929757796685,3.957472203441571,3.998364634088472,3.613049349683783,2.976140557512333
DVRSLE,P52735,VAV2,Y142,AQNKGIRPFPSEETTENDDDVyRSLEELADEHDLGEDIYDCVP,1.3872192756723511,1.4226376359118849,1.1302328031920812,0.9450883443825681,0.7126230914824213,0.36046779409930096
AIELLF,P46783,RPS10,Y12,----------MLMPKKNRIAIyELLFKEGVMVAKKDVHMPKHP,-0.16434114158487464,-0.0975267624346017,-0.12677467025005096,-0.04934023633600552,-0.05945261012684702,-0.022988352569338535
GTETQG,P21709,EPHA1,Y781,NLCCKVSDFGLTRLLDDFDGTyETQGGKIPIRWTAPEAIAHRI,0.30456720535586346,0.23943498041120587,0.34282831793521606,0.6638905360090167,0.8552271543468069,1.1536168868537495
SSGVPA,O75369,FLNB,Y1530,VKVLPTYDASKVTASGPGLSSyGVPASLPVDFAIDARDAGEGL,1.0789409020498502,0.7733327964405625,1.0176623905023052,1.36008059686497,1.2382152338350074,0.8526615503396758
SLGLGA,P08729,KRT7,S37; Y40,GRGAQVRLSSARPGGLGSSSLyGLGASRPRVAVRSAYGGPVGA,0.5521534545906127,0.681659608420553,0.8365991682022706,1.1991307752062546,1.065990206544072,0.9953756591765828
TEVATR,P27361,MAPK3,T202; Y204,CDFGLARIADPEHDHTGFLTEyVATRWYRAPEIMLNSKGYTKS,1.807942853813403,3.124266736608186,3.8844361346984537,4.324580409876957,3.910060316801155,3.815450443120839
TEVATR,P27361,MAPK3,Y204,CDFGLARIADPEHDHTGFLTEyVATRWYRAPEIMLNSKGYTKS,2.107614547413713,4.094052728243574,4.613491858166766,4.513097525590123,4.007654749749636,3.7413364095678987
DSVGDE,P60709,ACTB,Y53,PSIVGRPRHQGVMVGMGQKDSyVGDEAQSKRGILTLKYPIEHG,0.44913647758169406,0.6273962690823061,0.3989900559683571,0.3612784633562752,0.5539102131025374,0.4183646140540037
RLEWIS,O15357,INPPL1,Y886,NIRGSMKVRVPTERLGTRERLyEWISIDKDEAGAKSKAPSVSR,0.4048467755427222,0.5851643625688517,0.7827841761921012,0.7937358393578962,0.9779805671103818,1.3945231336910469
PAYVLE,O15357,INPPL1,Y986,GAPEPEGVAAPPPKNSFNNPAyYVLEGVPHQLLPPEPPSPARA,2.653305960489062,2.9819644172251483,2.733891123016756,2.529061256680255,1.8636014441659594,1.610692896995027
VDAPAG,O15357,INPPL1,Y1135,ASGDDRSCSVLQMAKTLSEVDyAPAGPARSALLPGPLELQPPR,2.5613550411371415,2.503859158812875,2.3295294474197568,2.2042288535453642,1.9100280835226318,1.6059641755967389
NQAVLE,Q9UKY7,CDV3,Y244,KNRGRDEVSKNQALKLQLDNQyAVLENQKSSHSQYN-------,2.356129603832142,2.334176141569531,2.4231779868180583,2.5055263299117385,2.2853111467133784,2.0385302465874093
APLKTK,P40763,STAT3,Y705,GKYCRPESQEHPEADPGSAAPyLKTKFICVTPTTCSNTIDLPM,0.8941753074396759,1.0895215693887348,1.230617544772934,1.2112366231185507,0.7046807625139148,-0.011379533194853499
DSSSSA,Q96NE9,FRMD6,Y412,SSHTSGIEADTKPRDTGPEDSySSSAIHRKLKTCSSMTSHGSS,1.6143993203875384,1.8981794301487653,1.4480952146019455,1.5625288751993647,0.9472895259487041,0.7214630973864563
VTEDPQ,Q6ZVM7,TOM1L2,Y404,GFDMFAQTRGNSLAEQRKTVTyEDPQAVGGLASALDNRKQSSE,1.9644483304349483,2.219962937899334,2.398071530113824,2.4884101042794438,2.2597712744737324,1.3926483580756406
SQHDLQ,Q9H788,SH2D4A,Y131,AEEPRKTHSEEFTNSLKTKSQyHDLQAPDNQQTKDIWKKVAEK,2.507461139816135,2.758520061087282,2.5370388863433626,2.4927787059850086,1.7345721806358203,0.5450093589899326
NNIQTL,O60716,CTNND1,Y174,VQPVAMGPDGLPVDASSVSNNyIQTLGRDFRKNGNGGPGPYVG,2.457395494974096,2.7309027107820687,2.1054732297426058,2.05614618227312,1.3687937417215872,0.9016855491773337
RHEDGY,O60716,CTNND1,Y217,QAGTATLPRNFHYPPDGYSRHyEDGYPGGSDNYGSLSRVTRIE,2.08327315848896,2.4709451417690786,2.14524788457235,1.9192037124122354,1.269816889830385,0.6139125219345345
DNGSLS,O60716,CTNND1,Y228,HYPPDGYSRHYEDGYPGGSDNyGSLSRVTRIEERYRPSMEGYR,0.39950960635167987,0.8207057775379717,0.6216459720426364,0.5382617199713345,0.30127154417396257,0.10612855552127841
DVGPQP,O60716,CTNND1,Y257,RIEERYRPSMEGYRAPSRQDVyGPQPQVRVGGSSVDLHRFHPE,1.0745035442120112,1.1260785668214772,1.1209373172054005,1.311463685191352,1.2021951259833914,0.6730644897128686
DGSRHY,O60716,CTNND1,Y213,PYVGQAGTATLPRNFHYPPDGySRHYEDGYPGGSDNYGSLSRV,2.3662889175694723,2.798844867010883,2.402992366988975,2.351908629382401,1.2564164101282809,0.788089820048146
EPGLED,O60716,CTNND1,Y280,PQPQVRVGGSSVDLHRFHPEPyGLEDDQRSMGYDDLDYGMMSD,2.884065636426385,3.2788158547426476,2.8611226356822015,2.603956702995074,1.5976946089489212,0.9178781674342155
FHPPDG,O60716,CTNND1,Y208,NGGPGPYVGQAGTATLPRNFHyPPDGYSRHYEDGYPGGSDNYG,2.0448223831905032,2.538036523655139,2.2158545367824196,2.1776586073234756,1.4313070054457862,0.8381739550111849
GKVDSE,Q03135,CAV1,Y6,----------------MSGGKyVDSEGHLYTVPIREQGNIYKP,1.4793539739196084,1.517604087587473,1.3917282021946693,1.4000860044093202,1.0957041784311778,0.8657519508716011
GKVDSE,Q03135,CAV1,Y6; Y14,----------------MSGGKyVDSEGHLYTVPIREQGNIYKP,1.367764559677633,1.4587245744277748,1.4483314154414209,1.6032774883994683,1.5201901696986255,1.0144685260929722
HLTVPI,Q03135,CAV1,Y14,--------MSGGKYVDSEGHLyTVPIREQGNIYKPNNKAMADE,1.1941683210573664,1.4037142593236638,1.498272472047827,1.6023541213653723,1.027811597111829,1.1424480968458655
DDPPRR,P23588,EIF4B,Y211,RDSDKTDTDWRARPATDSFDDyPPRRGDDSFGDKYRDRYDSDR,1.1508945492020692,2.090794254915489,2.143015903256677,1.9614313000244294,1.535836670088498,1.1580738032959348
RDHFVT,Q12959,DLG1,Y760,FGSCVPHTTRPKRDYEVDGRDyHFVTSREQMEKDIQEHKFIEA,0.5345649181379705,0.8728862985473866,0.6231739849753836,1.0778973665431462,1.0671412651345134,1.0563150535226509
TLAPYS,Q8NFJ5,GPRC5A,Y317,ENRAYSQEEITQGFEETGDTLyAPYSTHFQLQNQPPQKEFSIP,0.6071641066205253,0.5759032294327117,0.7335792382317393,0.8051909039544384,0.7267333027633478,0.7144571039563811
VSICSR,P49841,GSK3B,Y216,VLKLCDFGSAKQLVRGEPNVSyICSRYYRAPELIFGATDYTSS,0.10791296068453252,0.10064095111123247,0.03187384935415635,0.15904486439815294,0.07289248838442107,0.03056906318494635
DDSDPF,Q15464,SHB,Y246,AASAAEESGAGKKDKVTIADDySDPFDAKNDLKSKAGKGESAG,0.8988993657845051,0.930832263849952,0.9771081177676819,1.1541201552182336,1.097752018385389,1.0117182661069086
AGMEPY,Q15464,SHB,Y268,SDPFDAKNDLKSKAGKGESAGyMEPYEAQRIMTEFQRQESVRS,0.7991485499800737,1.0526976588282748,0.8542286504199283,1.0740260101212944,1.0652159159139944,0.891638988008551
DEDQPW,Q15464,SHB,Y336,TVSPRLRESKLPQDDDRPADEyDQPWEWNRVTIPALAAQFNGN,1.4410751202217826,1.2922477050447867,1.184680344293421,1.31908530630867,1.0314263730208793,1.0115041757511436
LDCGGS,Q15464,SHB,Y114,EDPYNGPGSSLRKLRAMCRLDyCGGSGEPGGVQRAFSASSASG,0.7001770369419915,0.6706488759976694,0.5884913169122437,1.1011328712361468,1.3817379966695016,1.3150348379719834
