6mer_peptide,Entry,KSTAR_PEPTIDE,KSTAR_SITE,data:VEGF_10min_norm_log2,data:VEGF_20min_norm_log2,data:VEGF_30min_norm_log2,data:VEGF_60min_norm_log2
PTKFFE,P05067,NGYENPTyKFFEQMQ,Y762,-0.39237418466865603,-0.6856075399187608,-0.16392230167367225,-0.20954569465123574
PTKFFE,P05067,NGYENPTyKFFEQMQ,Y762,-0.3111948481377441,-0.208962880374389,-0.33685679378149846,-0.10658849112120157
NGENPT,P05067,SKMQQNGyENPTYKF,Y757,-0.3111948481377441,-0.208962880374389,-0.33685679378149846,-0.10658849112120157
NDMTSP,Q8IZP0,PPTVPNDyMTSPARL,Y213,-0.3998523716164205,-0.6338114857772968,-0.013467514514054445,-0.14720917881426174
NDMTSP,Q8IZP0,PPTVPNDyMTSPARL,Y213,-0.1631532690332415,-0.4821035761935398,-0.0878713577462958,-0.34443757219138016
LPRRPP,Q9NYB9,TIGGSLPyRRPPSIT,Y371,-0.461510290766865,-0.48515333683774087,-0.27463049572374865,-0.19929925143267052
DTTAHA,P00519,RLMTGDTyTAHAGAK,Y393,0.023428087140260186,-0.3863317398908744,0.12494526627397455,0.1029343549232311
DTTAHA,P00519,RLMTGDTyTAHAGAK,Y393,0.02417546381850866,-0.27296484108177527,0.015964038058642764,0.03440576417157323
KCGGSF,P42684,NLVPPKCyGGSFAQR,Y718,-0.2488440658120365,-0.33901207543459244,-0.0004998654693034796,-0.06204774652927775
ETQDIF,Q15057,GQPGDETyQDIFRDF,Y750,-0.6266779328488337,-0.8355919300154847,-0.27218054723622875,-0.7160374529874776
THYLLP,Q07912,KKVSSTHyYLLPERP,Y859,0.497844388816529,0.03413567710065827,0.346333825587647,1.9352511320629877
THYLLP,Q07912,KKVSSTHyYLLPERP,Y859,-0.04713081911339278,-0.11470547176213747,-0.09269080281053155,1.4927054690644432
PTDPVS,Q07912,GGVKKPTyDPVSEDQ,Y518,-0.56370250670539,-0.05066130916771927,-0.5733347341809434,-0.5176007421531457
PTDPVS,Q07912,GGVKKPTyDPVSEDQ,Y518,-0.43053707221909415,-0.45478180493056525,-0.24343245232187424,-0.3244244187234351
DHVMQE,Q07912,LPQNDDHyVMQEHRK,Y284,-0.28305917464125596,-0.2828295611265434,-0.3101643154032719,-0.4080473927543167
GVEGVA,P53396,SRTTDGVyEGVAIGG,Y682,-0.2979412122800538,-0.24675836489010305,-0.028055261469343243,0.1351985728174173
GVEGVA,P53396,SRTTDGVyEGVAIGG,Y682,-0.20739732999162558,-0.3091818871562179,-0.08168175584857819,-0.20130874181123823
DSVGDE,P68133,GMGQKDSyVGDEAQS,Y55,-0.2751554429817693,-0.3091999808351229,-0.06639612710130803,0.06706335991201476
DSVGDE,P68133,GMGQKDSyVGDEAQS,Y55,-0.10174778158670718,-0.09191687070514926,0.020828982784408784,0.09500848167275318
PIEGYA,P60709,VTHTVPIyEGYALPH,Y166,0.16939630464566857,-1.7186542085267527,-0.13285205986784673,0.5571171665536727
PIEGYA,P60709,VTHTVPIyEGYALPH,Y166,-0.07412606130410303,0.12314489648416024,-0.007169827639291452,0.2017853457237249
RGSFTT,P60709,KILTERGySFTTTAE,Y198,-0.15106361853789357,-0.10631822722956566,0.19192681162045164,0.22938099171001045
DLANTV,P60709,VDIRKDLyANTVLSG,Y294,-0.14393118276822894,0.043026862026124636,0.09062497970917267,-0.04425791968491436
DLANTV,P60709,VDIRKDLyANTVLSG,Y294,-0.16514245300886343,-0.257604133976685,-0.1835687252266573,-0.0011220395308114547
KNITMD,P12814,ILAGDKNyITMDELR,Y842,-0.1661928544902644,-0.6746035826979662,-0.41816341597764556,0.2647705025030665
IDGKLR,P12814,HRPELIDyGKLRKDD,Y193,-0.06189644189491756,-0.31467662633022986,-0.2938110308957971,-0.0781765536472611
IEDKLR,O43707,HRPELIEyDKLRKDD,Y212,-0.8328562452790712,-0.5660437640632552,-0.5876206151800268,0.08834709299322627
PIANRF,Q13443,PPREVPIyANRFAVP,Y769,-0.32387875222568124,-0.33998846600167576,-0.31373945142831355,0.023622759670599815
AQKYGK,Q8N556,TGSNAAQyKYGKNRV,Y553,0.42124121256158015,0.506576749007895,0.30549584129239327,0.36690155713987277
CQVTEK,P04075,HDLKRCQyVTEKVLA,Y204,-0.21974891499525248,-0.34559592642699244,-0.05672630549236679,-0.14670509724357111
SPPTFN,P04083,PGSAVSPyPTFNPSS,Y39,-2.809113803632739,-2.6502763740227455,-1.594961838134489,0.5566930095685071
QEVQTV,P04083,IENEEQEyVQTVKSS,Y21,-0.47651792730088266,-0.7488463754385697,-0.3817733934112641,-0.3896145814790835
ALEAGE,P04083,DSDARALyEAGERRK,Y207,-0.4549010315356966,-0.22524983130908577,0.06523521592739524,-0.030261349500409606
ALEAGE,P04083,DSDARALyEAGERRK,Y207,-0.4181067617646564,-0.32600143148564015,-0.062563226388724,-0.06449757139531058
SAGSVK,P07355,HSTPPSAyGSVKAYT,Y24,-0.7252472517845643,-0.886610155384971,-0.28313117047321273,2.0873594409178113
KATNFD,P07355,AYGSVKAyTNFDAER,Y30,-0.8842974848627827,-0.7661365832190157,-0.46559959485606733,0.3037518999046689
KATNFD,P07355,AYGSVKAyTNFDAER,Y30,-0.8370603573236064,-0.793311934748967,-0.596825959341087,0.21671109948845918
SPDMLE,P07355,RYKSYSPyDMLESIR,Y238,-0.28705892272119304,-0.17119667389433643,0.2536749537736346,0.30765500965735787
SPDMLE,P07355,RYKSYSPyDMLESIR,Y238,-0.23912737209900342,-0.2923664349205452,0.19897470105548,0.1499109954306511
LYYIQQ,P07355,KYGKSLYyYIQQDTK,Y317,0.19793432195448762,-0.12582367980601863,0.07452189313402109,0.015189500726964003
SLYYIQ,P07355,RKYGKSLyYYIQQDT,Y316,-0.2040329229913352,-0.24517442681073162,0.16152474904467773,0.10320201927824785
DAELKH,P08758,PSRLYDAyELKHALK,Y94,-0.99294771429704,-0.6845716196284012,-0.3213427741701677,-0.4270536532554027
HGENPT,Q06481,NKMQNHGyENPTYKY,Y750,0.2888654939766735,0.2502101185998367,0.6003572427932298,0.26719665623544503
HGENPT,Q06481,NKMQNHGyENPTYKY,Y750,-0.2934754768232429,0.18474267627449056,0.363183918357654,0.32991005728105544
PTKYLE,Q06481,HGYENPTyKYLEQMQ,Y755,0.2888654939766735,0.2502101185998367,0.6003572427932298,0.26719665623544503
PTKYLE,Q06481,HGYENPTyKYLEQMQ,Y755,0.010043847295421097,-0.014506513081434611,0.4123809518911519,0.25665967032983855
PTKYLE,Q06481,HGYENPTyKYLEQMQ,Y755,0.04634468538241382,-0.16879995801338107,0.1272354131676605,0.12218518924854424
PLEGLG,Q9NZ32,MPLyEGLGSGG,Y4,-0.6413947888178588,-0.9675979980330016,-0.30086975458618254,-0.20203408501388403
TASLHQ,O43150,QIRQSTAySLHQPQG,Y293,-0.22177380894769008,-0.4041355002059712,0.13560633619852092,1.8400964247096028
SFQLGS,O43150,EDRPISFyQLGSNQL,Y724,-0.37906009784593436,-0.7812955780674977,0.33777237295214085,0.30645253710228143
PVHKIQ,O95817,YQTHQPVyHKIQGDD,Y247,-1.1145761524722204,-2.2881652363455185,-0.5131831939146434,-0.2562721538638658
EDDYVH,P56945,EGGWMEDyDYVHLQG,Y664,,,,inf
EDDYVH,P56945,EGGWMEDyDYVHLQG,Y664,0.5599982078463466,0.23134891659058338,1.2132287856631727,0.9602291446985723
EDDYVH,P56945,EGGWMEDyDYVHLQG,Y664,,,,
YVEAAQ,P56945,RVGQGYVyEAAQPEQ,Y224,-0.7247293471251686,-1.4883119696807758,-0.21188766202780973,1.8039041155713902
YVEAAQ,P56945,RVGQGYVyEAAQPEQ,Y224,-0.36242543931263366,-0.3146461531054917,-0.37109469170802006,0.34671933546164635
GVAVPP,P56945,GVVDSGVyAVPPPAE,Y410,1.1311600575686218,1.0074745864797898,1.2526577650599218,0.9358495303131336
ETDVPP,P56945,PLLREETyDVPPAFA,Y327,-0.2040792245748754,-0.4019791976374814,0.024848543088033432,0.004244197882739479
ETDVPP,P56945,PLLREETyDVPPAFA,Y327,-0.13454468007173923,-0.23939010972551214,-0.006501715767286967,0.004544777194000584
EVDTPP,P56945,SQYGQEVyDTPPMAV,Y267,0.1219707841607002,-0.3595792841732492,0.1865077210866789,0.25842091164104053
EVDTPP,P56945,SQYGQEVyDTPPMAV,Y267,-0.1004879623592713,-0.6375192458922095,0.1432388804783657,0.23680039336146805
DEDIPR,P56945,AQPEQDEyDIPRHLL,Y234,0.014615437787156252,-0.2631960306707491,0.15782537035724412,-0.0036626454516268166
GLQVPG,P56945,SKAQQGLyQVPGPSP,Y128,-0.5786636259338016,-1.3140794272809968,0.08713361586925757,-0.08090084082408193
TLDVPR,P56945,RPGPGTLyDVPRERV,Y387,-0.5000888204560493,-0.5322589593152112,-0.029495376888933684,-0.3300365612879446
EVDVPP,P56945,RDPLLEVyDVPPSVE,Y287,-0.23352237305466822,-0.34534583817974274,0.09614898127492881,-0.018352354016428728
DIDVPP,P56945,APGPQDIyDVPPVRG,Y249,0.05337938154515074,-0.3108686181211114,0.13340277544824145,-0.05847947253740079
YDVHLQ,P56945,GWMEDYDyVHLQGKE,Y666,,,,
VEVKFS,O75815,LLDPTVEyVKFSKER,Y117,-0.13796435871216803,-0.4179415101694059,-0.08342616610189528,0.1377323349035089
EHGTSP,O75815,LRCLEEHyGTSPGQA,Y266,0.08337810420575793,0.028796968004367998,-0.05292449912267436,0.17032309219617628
PFVNVE,P11274,ADAEKPFyVNVEFHH,Y177,-0.15824834036446012,-0.23339249546708504,0.39946469535838264,0.12497759538833778
FGPRRR,Q9Y276,SEWRPFGyPRRRRPL,Y181,0.10736110356012728,0.10678714785519544,0.23949357045553632,-0.02521389803608288
FGPRRR,Q9Y276,SEWRPFGyPRRRRPL,Y181,0.0004188401948097821,-0.11766414099623287,0.2269370065781957,0.14330956895555327
KIGSQP,P51813,DSNSKKIyGSQPNFN,Y224,0.6042826996142576,-0.06235929826866674,0.0683922214583261,0.3215870967663222
KIGSQP,P51813,DSNSKKIyGSQPNFN,Y224,0.4048422450912314,-0.203895215483687,0.024812346868224203,0.17728381791660924
KIGSQP,P51813,DSNSKKIyGSQPNFN,Y224,0.17539643319365225,-0.17899873345226525,0.03649358479392881,-0.14924504571409494
KIGSQP,P51813,DSNSKKIyGSQPNFN,Y224,-1.3486664049494144,-1.3226315952869632,-1.7131386180307187,0.23905136420778708
KIGSQP,P51813,DSNSKKIyGSQPNFN,Y224,-1.3193023410493152,-1.3241120458667146,-0.35982163933537364,0.023630791181628884
KIGSQP,P51813,DSNSKKIyGSQPNFN,Y224,-1.01134020371894,-1.1524319479702643,-0.6840836946063734,-0.011554086013377563
KIGSQP,P51813,DSNSKKIyGSQPNFN,Y224,-0.9357816551052761,-1.3079494946863603,-0.5381516050282362,0.06630120634602554
AQDSNS,P51813,SSTSLAQyDSNSKKI,Y216,0.17745872514509362,-0.24733325792269414,-0.16887712808305005,-0.05165993883136323
DQVSSV,P51813,RYVLDDQyVSSVGTK,Y566,-0.6256713031529042,-0.908949696120198,-0.3461957972347423,-0.08261981416724842
DQVSSV,P51813,RYVLDDQyVSSVGTK,Y566,-0.4768327752609034,-0.7458387056573925,-0.3160668983284422,-0.06635323602890124
ENCFDS,P51813,KLYLAENyCFDSIPK,Y365,-0.06245519720501137,-0.5091676065133216,-0.04859468236350893,-0.10130188138223653
FIFQKI,Q5VW32,QRENGFIyFQKIPTE,Y331,-1.1444327068437679,-1.128287700293417,-0.7832355823039288,-0.045475706599393165
YDCRVP,Q10589,MASTSYDyCRVPMED,Y8,-0.8394370077524906,-0.8585293591840937,-0.1915547720251083,0.1831666803186729
DSSWVP,Q9NPY3,PQNAADSySWVPERA,Y628,-0.1380274243096779,-0.2594763541683825,-0.025403675259085136,0.30747224284714036
DSSWVP,Q9NPY3,PQNAADSySWVPERA,Y628,-0.1969473867950411,-0.2508572689926798,-0.013064449099361532,0.10910557675784756
NQSPTP,Q9NPY3,SRAMENQySPTPGTD,Y644,-0.19708189040040727,-0.30759108666126717,-0.014733541188258254,-0.0020405601567709563
EREIEE,Q05682,SESRQERyEIEETET,Y160,-0.5577162834259702,-0.5963767916475247,-0.28619797726116836,0.17809854870111705
EQTSAI,Q05682,IDSRLEQyTSAIEGT,Y682,-0.19953290492469866,-0.5884499367772906,-0.36576365321174664,-0.13550660257420408
YIKCVN,Q01518,LKQVAYIyKCVNTTL,Y354,-0.48818610227185866,-0.4899218585129028,0.05532701572537055,-0.030209344301627344
DDDYVH,Q14511,ERSWMDDyDYVHLQG,Y629,-0.048550954922850165,-0.09283925634047108,-0.004864677463084878,1.294799866484221
DDDYVH,Q14511,ERSWMDDyDYVHLQG,Y629,-0.10848881614440385,-0.21653023494557494,0.013759436407375283,1.2663663280271906
DDDYVH,Q14511,ERSWMDDyDYVHLQG,Y629,-0.3421915663755182,-0.11577662359939485,-0.16587479619829484,0.9803759050638686
DDDYVH,Q14511,ERSWMDDyDYVHLQG,Y629,-0.08863256723247734,-0.2912155264605167,0.157893049160244,0.9130030462843306
YDVHLQ,Q14511,SWMDDYDyVHLQGKE,Y631,-0.048550954922850165,-0.09283925634047108,-0.004864677463084878,1.294799866484221
YDVHLQ,Q14511,SWMDDYDyVHLQGKE,Y631,-0.10848881614440385,-0.21653023494557494,0.013759436407375283,1.2663663280271906
YDVHLQ,Q14511,SWMDDYDyVHLQGKE,Y631,-0.08863256723247734,-0.2912155264605167,0.157893049160244,0.9130030462843306
KLQVPN,Q14511,TFGQQKLyQVPNPQA,Y92,-0.11304481596939833,-0.27973889895726317,-0.09920164785556171,0.9461337354351661
GVDVPL,Q14511,PQERDGVyDVPLHNP,Y345,-0.21493622151149747,-0.3035702484809686,-0.056190473279169914,0.9367402009090343
KDDFPP,Q14511,AGLREKDyDFPPPMR,Y241,-0.19785087543544863,-0.3544022307964789,-0.05166255827586072,0.8315378043998137
KDDFPP,Q14511,AGLREKDyDFPPPMR,Y241,-0.3186480843658345,-0.3229515942014916,-0.05090398158714945,0.42193624794934675
GVDIPP,Q14511,EIKPQGVyDIPPTKG,Y214,0.5344951342925979,-0.2630731624333714,-0.7107858446792972,0.7852448831314879
YVEYPS,Q14511,RTGHGYVyEYPSRYQ,Y166,-0.3605116034429107,-0.5671294519720147,-0.15367668403215612,0.17984230558516096
HLTVPI,Q03135,VDSEGHLyTVPIREQ,Y14,-0.8439442204086243,-1.192847735064173,-0.9107677169502275,0.48738966352804725
HLTVPI,Q03135,VDSEGHLyTVPIREQ,Y14,-0.36748539443471195,-0.4865816645158099,-0.03385211582586469,-0.3444040610568001
HLTVPI,Q03135,VDSEGHLyTVPIREQ,Y14,-0.36748539443471195,-0.4865816645158099,-0.03385211582586469,-0.3444040610568001
GKVDSE,Q03135,MSGGKyVDSEGHL,Y6,-1.6908150325057012,-1.7520826913350354,-0.9444330074186512,0.39906694035720114
QVDAHT,Q03135,ELSEKQVyDAHTKEI,Y42,-2.620973904867048,-2.178342743008654,-1.7201428947557749,0.12044499309068443
NIKPNN,Q03135,IREQGNIyKPNNKAM,Y25,-1.7198737439866316,-1.6550310501052488,-1.210117556653761,0.07558660370117591
AISLAA,P22681,SSSANAIySLAARPL,Y674,-2.060096325743378,-2.102982281917921,-0.831076638559689,-0.48707572872468863
STGLPA,Q9Y5K6,LVQRISTyGLPAGGI,Y88,-1.4042039350798696,-1.2701506688063162,-0.6233441838349753,-0.056423917608080666
GTGVVY,P06493,EKIGEGTyGVVYKGR,Y15,0.060249322541883726,0.13007391984466196,0.3858849300649662,0.35536211831422376
VVKGRH,P06493,EGTYGVVyKGRHKTT,Y19,-0.055046092950304715,-0.08626416072152635,0.16222830388265144,-0.03195352113595035
GTGTVF,Q00535,EKIGEGTyGTVFKAK,Y15,-0.07194113232832493,-0.010744272802228996,0.3145410303541642,0.29348229164540485
TEVATR,O76039,NNANYTEyVATRWYR,Y171,-0.657327296688867,-0.5738258970375262,-0.09848509113074126,-0.0010498171171029864
VDSGLR,Q9UKY7,LEQKEVDySGLRVQA,Y95,-1.150833610468103,-1.1495995729139168,-0.7334449367142121,-0.18570710675883464
NQAVLE,Q9UKY7,KLQLDNQyAVLENQK,Y244,-0.910384274574835,-0.9270287718913425,-0.5367338424367014,-0.48021186580031233
EISDTQ,Q9UKY7,PQGPPEIySDTQFPS,Y190,,,,
DLAVPH,Q96ST8,GGHSDDLyAVPHRNQ,Y157,-0.15850304700019233,-0.33983053616728276,-0.006947148326674686,-0.01771891622203233
NPAQPS,Q0VF96,LQLPENPyAQPSPIR,Y108,0.4829585787857025,0.30418528642244,0.10186890162000974,0.04586720915859692
DSDSYA,Q14011,GGSYRDSyDSYATHN,Y164,-0.6511410503706775,-0.6222659003656767,-0.5850180242280382,0.31411160794873644
QIYSDK,P61024,MSHKQIyYSDKYDD,Y7,-0.8104451240657105,-0.9436439973274799,-0.6412131353859011,0.5544409812534863
NCRCGE,P62633,KTSEVNCyRCGESGH,Y159,-0.8389253435338965,-1.2861450005362258,-0.8543316632997006,0.0952477230208595
QIDPKY,Q99439,FGLGRQIyDPKYCPQ,Y269,-0.9592401991213517,-1.019366475619564,-0.6610403261591493,-0.01588964039989303
HIDTKL,Q99439,PGTRRHIyDTKLGTD,Y231,-0.2844190003361972,-0.28067322480352236,-0.26457133220443996,-0.06514804706004153
ID,Q15417,YSDQGIDy,Y329,0.09455336584332528,-0.017532738289855847,0.1575197344687748,0.4991988511546433
SVGLGR,Q15417,SQKGMSVyGLGRQVY,Y261,-1.0990769634066773,-1.0306367323542671,-0.3368165396534904,-0.40288757623997584
YQSDQG,Q15417,DYPRDYQySDQGIDY,Y322,-0.39619138458947567,-0.18023167699560438,-0.07940270641261625,-0.42298391372212724
NVCLDR,P53621,RVKGNNVyCLDRECR,Y579,-0.21982209146880885,-0.2539276085365864,-0.1512343083741861,-0.22133719387502912
GTATQS,P53618,LVTEMGTyATQSALS,Y521,-1.2586372200052673,-1.5724379636685661,-0.5883333518046961,0.0297727984332253
GTATQS,P53618,LVTEMGTyATQSALS,Y521,-1.1849505748641398,-0.9680269080787054,-0.03892842882817649,-0.01849823336508126
ANDAQT,Q14019,KKAGGANyDAQTE,Y137,-0.7430510487513197,-0.5018409163384999,-0.8115744055437623,-0.031942383309649804
NLPLTN,O43809,LERTINLyPLTNYTF,Y40,0.40395430949399413,-0.03069679722291622,0.254404702364697,0.10301797046789282
DPGRPP,Q16630,GPPPTDPyGRPPPYD,Y384,-1.029470319783511,-1.0180531749520725,-0.7257650016016207,-0.29747066458850285
VVTYTG,Q16630,GAAPNVVyTYTGKRI,Y74,-0.5097587379088515,-0.6541855774953732,-0.32917410998261076,-0.44687668519606005
NFQTV,Q9NZV1,HLQADNFyQTV,Y1033,-0.17693284215998095,-0.17413074275189064,-0.10802257857054534,-0.143397198718287
YIEKPL,P52943,GGAGSYIyEKPLAEG,Y77,-2.380709598952203,-1.9230578403599863,-0.7555953003060607,0.7857281930182557
YIDRDP,P52943,GAVGSYIyDRDPEGK,Y198,-1.6302963305804332,-1.2861951717601825,-0.9914103756012036,0.09243189306917098
TVFAEK,P52943,PKCDKTVyFAEKVSS,Y13,-0.1716279716772799,-0.19650124850902792,0.06426927548804695,0.0041843963810495625
AEVRAL,P46108,LRQEEAEyVRALFDF,Y136,0.924139892282732,0.7094800085646716,0.5887065382549906,0.23410045816438144
NADKTA,P46108,QKRVPNAyDKTALAL,Y251,-0.6244405822959599,-0.8619118021318849,0.16584999328275277,0.08354660730715636
NADKTA,P46108,QKRVPNAyDKTALAL,Y251,-0.06613016484345975,-0.433955848311104,-0.23782546537659174,-0.07625035831197013
CADKTA,P46109,QKRVPCAyDKTALAL,Y251,-1.0001864620935415,-1.6530442781431007,-0.2359755685412784,-0.06793211892754515
CADKTA,P46109,QKRVPCAyDKTALAL,Y251,-0.0710300720867273,-0.7497988275757083,-0.2065235034960263,-0.08809380044068132
NGGFIN,P16989,WFNVRNGyGFINRND,Y104,-2.156032087710982,-1.6990251101119578,-1.1593466871996927,0.005391365588604214
PLESPR,Q16531,HIRTVPLyESPRKIC,Y718,-0.26687971348462497,-0.26292228792396877,-0.08362132242805353,-0.41264838629054335
STDRIF,Q16832,EQGSNSTyDRIFPLR,Y471,-0.9409524316821514,0.20302709646951694,0.5571967593512853,-0.17377732693791897
PDQEPS,Q16832,IFPLRPDyQEPSRLI,Y481,-0.2053133643456172,-0.2309187673306831,-0.1211204349280557,0.0053222794563546035
CIGGAP,Q92841,RLKSTCIyGGAPKGP,Y279,-0.11228806714001552,-0.20451068658282653,0.05205401066578214,-0.11408149659537636
DWDCHR,Q9UHI6,EAQEDDWyDCHREIR,Y756,-0.1766440135568953,-0.22609777227319772,-0.008688493636199363,-0.024926791067083332
GFDKDS,O00571,REATKGFyDKDSSGW,Y53,-1.4812730243143903,-1.4974557619916977,-0.5412844979338517,0.34693745326249875
GFDKDS,O00571,REATKGFyDKDSSGW,Y53,-1.2007143908195912,-1.1819630647054662,-0.6606138605798009,0.04596066651143962
DASSFG,O00571,SSKDKDAySSFGSRS,Y69,-1.5849084250051086,-1.4483211848580912,-0.7336302146390435,-0.029180619186571354
DASSFG,O00571,SSKDKDAySSFGSRS,Y69,-1.2366845376656481,-1.2237840489578422,-0.563754317496321,0.04483367505399495
SDDGIG,O00571,DDRGRSDyDGIGSRG,Y104,-1.2417998072139913,-1.1262304717278286,-0.5092260231122797,0.02150474233404682
SDDGIG,O00571,DDRGRSDyDGIGSRG,Y104,-1.1183856858943106,-1.2209657620896979,-0.42102493451632733,0.15685874393335367
QIEEAR,O00571,RELAVQIyEEARKFS,Y283,-0.022568341987710776,-0.4386441122311776,0.10016938912700304,-0.26753034277152593
RGSSLL,P17844,RENYDRGySSLLKRD,Y518,-0.3461645907367584,-0.7163025770830347,-0.36161787509025806,0.033339776899736336
SVLDPL,O60443,KKRIDSVyLDPLVFR,Y254,0.00261466685233508,-0.13686001749233423,0.18118996725317502,-0.15627683905040315
SQ,O43143,QSKEYSQy,Y795,-0.03715440739462663,-0.13715924620602973,0.011518946866493844,-0.39456483870079495
AQEDPR,Q9BTC0,KALGSAQyEDPRNLH,Y1700,-1.0132896175141812,-0.693719510143114,-0.8120935100802453,-0.0013093052447703906
AVSEYK,Q8TDM6,REERDAVySEYKLIM,Y429,-0.22767337258973105,-0.3049082636435005,-0.1652051629872016,-0.19011348607924833
PLRGSS,Q6XZF7,QKPVLPLyRGSSVSA,Y479,-1.0356104741263787,-1.3452484226962353,-0.5418954582886106,-0.23302440535301958
VGSVPG,Q6XZF7,RHPEIVGySVPGRNG,Y1477,-0.4273617219036984,-0.5724588303093162,-0.3076794697738257,-0.16597462151474132
ADGNLM,Q14185,LKGSVADyGNLMENQ,Y1811,0.7693167119355826,0.3208119831255733,1.0543696061183316,-0.13139530874381167
AIPTPV,Q8N1I0,ERPCSAIyPTPVEPS,Y1727,-0.567532022483927,-0.4733156659720054,-0.3329976054359176,0.05914469504174373
PPSVYE,Q8N1I0,ESKTPPPySVYERTL,Y1903,-0.16064402184344,-0.3325093971622657,-0.061053823640092264,-0.32772626680855066
SVERTL,Q8N1I0,TPPPYSVyERTLRRP,Y1906,0.008674402319181582,-0.2418966072953764,0.10436132701472588,-0.11236195787010259
SVERTL,Q8N1I0,TPPPYSVyERTLRRP,Y1906,0.013762446176734463,-0.2474680783231489,0.07784409633247788,0.2907261254691983
SVERTL,Q8N1I0,TPPPYSVyERTLRRP,Y1906,0.013762446176734463,-0.2474680783231489,0.07784409633247788,0.2907261254691983
YTIQSR,Q92630,EHQRVYTyIQSRFYR,Y382,-0.3714391151391024,-0.4535748667152132,0.10394273840826292,-0.06901271763928939
SSTFPK,O75521,SPEGCSSyTFPKIMS,Y285,0.2623717623555349,-0.3473637853129979,0.008977203329161871,0.8780430998541918
AQESKK,P24534,REERLAQyESKKAKK,Y126,-1.8478046005306041,-1.7970211696842484,-0.7991402136298201,0.13289258676128676
NNCPHY,P98172,LRTTENNyCPHYEKV,Y313,-0.24422008392514566,-0.09443710967588013,0.37434482794499413,0.3451267756715877
NNCPHY,P98172,LRTTENNyCPHYEKV,Y313,-0.0817102250060278,0.0073236128243414095,0.21015305544122193,0.28563821630117836
PHEKVS,P98172,ENNYCPHyEKVSGDY,Y317,-0.24422008392514566,-0.09443710967588013,0.37434482794499413,0.3451267756715877
PHEKVS,P98172,ENNYCPHyEKVSGDY,Y317,-0.4585128944096963,-0.27984828089375074,-0.06804574572251688,0.20769622121006434
EDIHIR,O60739,LPAGTEDyIHIRIQQ,Y30,0.16338119992172007,-0.14510669628641165,0.12404412700571654,-0.1702978323859587
ATINHN,O15371,NLAMEATyINHNFSQ,Y318,-0.09704287899255307,-0.45641235262488217,-0.07495042501719412,-0.07363819804368328
GF,P60228,ATQDSGFy,Y445,-0.8420113559333029,-0.9135828244137508,-0.6342113122815093,-0.08299716421118244
LAERQY,Q9Y262,DPKQDLAyERQYEQQ,Y36,-1.6957001748070488,-1.5600028320597885,-0.8147193439451594,-0.12598133433511918
PEYTLR,Q96JJ3,WSLPNPEyYTLRYAD,Y48,0.12301463713485299,-0.14552011565398149,0.021975195308027645,-0.055302985789205394
NISDVR,Q8WYP5,SEASENIySDVRGLS,Y1790,-0.4894917488395523,-0.5170429981665399,-0.42030765814446674,-0.04171154525809515
HTEDPN,P29317,TYVDPHTyEDPNQAV,Y594,0.20943068863268252,-0.005421041421291944,-0.023383714196084877,0.5123305681166712
HTEDPN,P29317,TYVDPHTyEDPNQAV,Y594,-0.15318019647827946,-0.3000885494960376,-0.5853531685432389,-0.05945485919189359
KTVDPH,P29317,QLKPLKTyVDPHTYE,Y588,0.13372915783981928,-0.7428720266675697,0.01643061007282923,-0.2074596813325839
KTVDPH,P29317,QLKPLKTyVDPHTYE,Y588,-0.15318019647827946,-0.3000885494960376,-0.5853531685432389,-0.05945485919189359
KTVDPH,P29317,QLKPLKTyVDPHTYE,Y588,,,-0.3045953726825101,-0.20923179277133233
KTVDPH,P29317,QLKPLKTyVDPHTYE,Y588,,,-0.3045953726825101,-0.20923179277133233
DVFSKS,P29317,RQSPEDVyFSKSEQL,Y575,-0.31062277892374746,-0.45960200730275413,-0.45523275945328895,-0.10268389802078551
ATTTSG,P29317,EDDPEATyTTSGGKI,Y772,-0.2811212672832202,-0.4850907063044822,-0.3747940652665518,0.028690269121445226
ATTTSG,P29317,EDDPEATyTTSGGKI,Y772,-0.08856332413251189,-0.27319829324860423,-0.23590520284802122,-0.2225323068522927
AATTRG,P29320,EDDPEAAyTTRGGKI,Y779,-0.3972261330644609,-0.5152397897498833,-0.2570071670091236,-0.15264561134812427
KVIDPF,P54753,IAPGMKVyIDPFTYE,Y608,0.6651247846947087,0.43405310193482244,0.6196044710712031,0.8195797405166957
KVIDPF,P54753,IAPGMKVyIDPFTYE,Y608,0.023405642018098447,-0.016684777219546854,0.3161930561357224,0.3062247661937373
KVIDPF,P54753,IAPGMKVyIDPFTYE,Y608,0.023405642018098447,-0.016684777219546854,0.3161930561357224,0.3062247661937373
FTEDPN,P54753,VYIDPFTyEDPNEAV,Y614,0.6651247846947087,0.43405310193482244,0.6196044710712031,0.8195797405166957
FTEDPN,P54753,VYIDPFTyEDPNEAV,Y614,-0.034307217581834505,0.009020994391571698,0.16571878223523415,0.34067458167093034
AESDKH,P54760,SNGREAEySDKHGQY,Y574,-0.2438669178512774,-0.5037207670599779,0.03287961109590027,1.073276252162075
GQLIGH,P54760,YSDKHGQyLIGHGTK,Y581,0.15072355456960876,-0.02623789158119619,0.11461466653539952,0.7624051760047136
VSVKIE,P54760,AKEIDVSyVKIEEVI,Y614,-0.04134374188908698,0.04210350640167887,-0.0660044406511836,0.024777328184682014
PQ,P54760,TGGPAPQy,Y987,-0.18116022048636327,-0.3805164255629791,-0.009185610522422942,0.22974034086461032
DPQILG,P11308,QRPQLDPyQILGPTS,Y300,-0.9298340089696054,-1.002204033220273,-0.2913185761139174,-0.009305729799985552
PVKEIA,Q8IV48,SDFSDPVyKEIAITN,Y66,-0.21371751857590704,-0.4498997254552453,-0.1461234921342854,0.02421882296714798
RISYVV,Q96CS3,NTADHRIySYVVSRP,Y79,-0.19034274514459465,-0.5980755953810363,-0.415732074110615,0.17685940022622956
DDAEII,Q05397,SVSETDDyAEIIDEE,Y397,,3.7344760421405083,,-4.8579809951275745
DDAEII,Q05397,SVSETDDyAEIIDEE,Y397,,,,
DDAEII,Q05397,SVSETDDyAEIIDEE,Y397,,,,
DDAEII,Q05397,SVSETDDyAEIIDEE,Y397,,,,
STYKAS,Q05397,RYMEDSTyYKASKGK,Y576,0.15133550744666632,-0.10014113089880702,0.3304761428737274,0.30529831763368137
STYKAS,Q05397,RYMEDSTyYKASKGK,Y576,0.44692882066180767,0.11871191757330737,0.4410670805989268,0.1614487777640227
STYKAS,Q05397,RYMEDSTyYKASKGK,Y576,0.31692583153695797,0.10117556797073264,0.30782288833393756,0.25621960558395174
STYKAS,Q05397,RYMEDSTyYKASKGK,Y576,-0.25488031162627695,-0.29407445907193586,0.30912196657938107,0.3311930292557585
STYKAS,Q05397,RYMEDSTyYKASKGK,Y576,0.03635489716336622,-0.0769400231533682,0.1408400230565934,0.047819360567317386
STYKAS,Q05397,RYMEDSTyYKASKGK,Y576,-0.2139047938036703,-0.33842850958383325,0.0887142524750975,0.15909998018854904
STYKAS,Q05397,RYMEDSTyYKASKGK,Y576,-0.039045806514071336,-0.30069196507048956,0.08492681078693458,-0.10245030258625418
STYKAS,Q05397,RYMEDSTyYKASKGK,Y576,0.5419795916092675,0.27284524919303893,0.47753963172780806,0.41381920271431055
STYKAS,Q05397,RYMEDSTyYKASKGK,Y576,0.49620918130795794,0.1733164043002113,0.2917563260756998,0.30949750300667406
STYKAS,Q05397,RYMEDSTyYKASKGK,Y576,0.5419795916092675,0.27284524919303893,0.47753963172780806,0.41381920271431055
STYKAS,Q05397,RYMEDSTyYKASKGK,Y576,0.49620918130795794,0.1733164043002113,0.2917563260756998,0.30949750300667406
TYKASK,Q05397,YMEDSTYyKASKGKL,Y577,0.15133550744666632,-0.10014113089880702,0.3304761428737274,0.30529831763368137
TYKASK,Q05397,YMEDSTYyKASKGKL,Y577,0.44692882066180767,0.11871191757330737,0.4410670805989268,0.1614487777640227
TYKASK,Q05397,YMEDSTYyKASKGKL,Y577,0.31692583153695797,0.10117556797073264,0.30782288833393756,0.25621960558395174
TYKASK,Q05397,YMEDSTYyKASKGKL,Y577,-0.19875673011432915,-0.4327216242803695,0.04283087296055743,0.24650537909437462
SRMEDS,Q05397,GDFGLSRyMEDSTYY,Y570,0.03635489716336622,-0.0769400231533682,0.1408400230565934,0.047819360567317386
SRMEDS,Q05397,GDFGLSRyMEDSTYY,Y570,-0.039045806514071336,-0.30069196507048956,0.08492681078693458,-0.10245030258625418
SRMEDS,Q05397,GDFGLSRyMEDSTYY,Y570,0.06556653086575549,-0.03416295023720897,0.2604108554233769,-0.14784689698089495
SRMEDS,Q05397,GDFGLSRyMEDSTYY,Y570,0.06556653086575549,-0.03416295023720897,0.2604108554233769,-0.14784689698089495
RTTYIS,Q9Y297,PRSPSRTyTYISR,Y600,0.7930879410165594,0.0550330307724104,0.3823446073689478,0.15261035591184902
YTISR,Q9Y297,SPSRTYTyISR,Y602,0.7930879410165594,0.0550330307724104,0.3823446073689478,0.15261035591184902
YTISR,Q9Y297,SPSRTYTyISR,Y602,1.1391637755883792,0.11858095359099072,0.44452870074991246,0.21567817946604467
YTISR,Q9Y297,SPSRTYTyISR,Y602,1.1391637755883792,0.11858095359099072,0.44452870074991246,0.21567817946604467
GVAASG,P07332,REEADGVyAASGGLR,Y713,-0.29763728024457187,-0.5504421474545463,-0.2982756207174382,-0.4358133492504393
DGVDMS,Q6ZNL6,TANENDGyVDMSSFN,Y820,0.35913646206283545,-0.46753690626510147,0.5730098853952275,-0.20312723234030997
DGVDMS,Q6ZNL6,TANENDGyVDMSSFN,Y820,0.05826278817288434,0.3351599751032226,,-8.837452731879013
SVQEPE,Q6ZNL6,REIPVSVyQEPEGSG,Y563,-0.46712786153105157,-0.4450683806032693,-0.16462701313357395,-0.3234603871825288
EWGCLS,Q6ZNL6,CAERDEWyGCLSRAL,Y1199,0.06637647770510097,-0.05022456646874072,0.0011475988992319397,-0.09499428540447334
IDYKKT,P11362,RDIHHIDyYKKTTNG,Y653,-0.5227545676134364,-0.9926622870804086,-0.6542147819010884,-0.6959452175794719
YCNPSH,P11362,PPGLEYCyNPSHNPE,Y585,-0.5082619962021507,-0.30421556685622586,-0.3265177494736871,0.021169046562337958
GASLSI,P09769,SETTKGAySLSIRDW,Y180,-0.20811145168240563,-0.3943060404564612,-0.12979013196496758,0.03246461361506797
NESSKC,Q14192,TDCYSNEySSKCQEC,Y97,-0.12898866275155038,-0.8890201655524541,-0.35840645444317204,0.1821928612798164
ETVQDR,P21333,SGNLTETyVQDRGDG,Y1308,-0.03121850849362909,-0.11237387960994127,0.20066781124398056,-0.7150981439682027
TCSAIP,O75369,RSSTETCySAIPKAS,Y2502,-2.2759176319962138,-1.8703883578162535,-0.7766712932150347,-0.08856817883807783
SSSSIP,Q14315,SSSRGSSySSIPKFS,Y2625,-2.0652111447008936,-1.9244660724597968,-0.986246531172045,-0.06592518426980679
INTDCH,O43155,TPNGGINyTDCHIPN,Y636,-0.6157373177392904,-0.9722384725297917,-0.4508681373462694,-0.1375779425386524
SGRYGT,P06241,SLNQSSGyRYGTDPT,Y28,-0.722534074760224,-0.7360192543219172,-0.6442781139734817,0.40785487003219467
NETARQ,P06241,RLIEDNEyTARQGAK,Y420,-0.2510370891431105,-0.18872638660804747,-0.14717695041344586,0.042917891692544036
GYITTR,P06241,KLDNGGYyITTRAQF,Y214,-0.29792230549955684,-0.2891818964857513,-0.0913750714688619,0.17253900329854177
ALGRFT,P06241,TAPEAALyGRFTIKS,Y440,-0.49471657843099565,-0.535101241936157,-0.2225940565042822,-0.09382533682828212
GGYITT,P06241,RKLDNGGyYITTRAQ,Y213,-0.48545054328717696,-0.6217197322763637,-0.2584247421458824,0.026184013482551196
GGYITT,P06241,RKLDNGGyYITTRAQ,Y213,-0.2721608216938932,-0.3581195644879853,-0.24878748558257066,0.02456350243359371
AVTKMM,P11413,VQPNEAVyTKMMTKK,Y401,-0.04252985315007501,-0.1382327231789086,0.18032686562798106,-0.2851276265881747
GTKWVN,P11413,GFQYEGTyKWVNPHK,Y507,-1.1460904168684074,-1.0562395287194,-0.4531394260610172,-0.09125553400056788
FQEGTY,P11413,MKRVGFQyEGTYKWV,Y503,-0.616207400365457,-0.7143809297010875,-0.37452495440705497,-0.15843385333640542
DCDIPR,Q13480,DASSQDCyDIPRAFP,Y406,0.3586368348528631,-0.026663535124608218,0.44516323191518653,0.06918679074482963
DCDIPR,Q13480,DASSQDCyDIPRAFP,Y406,0.15639925195829524,-0.11794562052772387,0.05712344415809,-0.0868619202841582
MIDSPP,Q13480,FFQQQMIyDSPPSRA,Y242,0.09034933820553351,-0.05202911459174281,0.21868467094644473,-0.17401422544327705
SLNLPR,Q13480,ASVDSSLyNLPRSYS,Y259,-0.27759460532582436,-0.3784547471150602,-0.18963229727828423,-0.5517565532090194
STDLPR,Q9UQC2,TEFRDSTyDLPRSLA,Y266,-0.5469132137317558,-0.6247620794903778,-0.5010674344796286,-0.44363877415087694
DVTFKT,Q9UQC2,ETDNEDVyTFKTPSN,Y293,-0.4398398723080818,-0.5866388279449237,-0.32210711162787026,-0.4686406347067771
AISVHV,Q9Y2X7,ELEDDAIySVHVPAG,Y545,-0.07195729344274987,-0.05381119541314945,0.40384190919737467,1.6362822658163816
CQELTD,Q9Y2X7,ERLVECQyELTDRLA,Y224,-0.32764745094989506,-0.2486116085123201,-0.08484625293466837,-0.16133700161201187
SIDTLE,Q7Z6J2,VVKDPSIyDTLESVR,Y237,0.0009330628872136637,-0.2564596306285003,0.3690409933113776,0.24935348925004158
SIDTLE,Q7Z6J2,VVKDPSIyDTLESVR,Y237,0.06919061048000998,-0.10979146295926824,0.26396160242149486,0.22945306236163207
KVSEDE,Q14449,KKQVIKVySEDETSR,Y113,0.0008459589411105258,0.19560513746413502,0.05610708841356858,-0.1624480599133375
KVSEDE,Q14449,KKQVIKVySEDETSR,Y113,-0.21617974645943594,-0.14970081923330744,0.10823591978523044,-0.12095801441552367
NPATLP,Q3V6T2,QSKDSNPyATLPRAS,Y1799,-1.180159715870028,-0.9990647146426324,-0.5944950883357001,0.037546671976829565
VSICSR,P49840,RGEPNVSyICSRYYR,Y279,-0.09918935963255338,-0.2533607547579947,0.08716516987677753,0.08090748347110599
TLQSNT,P09211,QDGDLTLyQSNTILR,Y64,0.021779337862339383,-0.18900118360201407,0.05474671860418297,-0.07319522436950451
NETARE,P08631,RVIEDNEyTAREGAK,Y411,-0.2346281012517097,-0.014343702369944679,-0.2675727695393456,-0.2510019350795644
GQGIQK,P14317,AKGFGGQyGIQKDRV,Y198,-1.5035196089623517,-1.5674059866060086,-0.4942142375990104,-0.21040863302111162
PELTSP,O14964,TTELPPEyLTSPLSQ,Y237,,,,
STTSYP,O14964,RLRQKSTyTSYPKAE,Y286,0.7053261643456965,-0.12452670604429886,0.1945093173871619,0.12966157500553757
TSPKAE,O14964,QKSTYTSyPKAEPMP,Y289,0.7053261643456965,-0.12452670604429886,0.1945093173871619,0.12966157500553757
TSPKAE,O14964,QKSTYTSyPKAEPMP,Y289,0.6888996131914921,0.016872525111382295,0.47096415252738577,0.3060549865793721
TSPKAE,O14964,QKSTYTSyPKAEPMP,Y289,0.5943805157399062,-0.2243713059360424,0.1439795281516683,0.20383840446464016
TSPKAE,O14964,QKSTYTSyPKAEPMP,Y289,0.5943805157399062,-0.2243713059360424,0.1439795281516683,0.20383840446464016
RNWEKK,O14964,ARYLNRNyWEKKQEE,Y334,0.14817744773148586,-0.3236982646255153,0.028002731234604887,0.06180101929256564
GIPAQL,O75146,LDKKDGIyPAQLVNY,Y1061,-0.02538120996471021,-0.2728125926294975,-0.026732797700872637,-0.22792361446916817
STLQSR,Q86Z02,SKAVCSTyLQSRYYR,Y352,-0.637371365865419,-0.7567086042908014,-0.18010972787814067,-0.11438510035877861
STLQSR,Q9H422,SKTVCSTyLQSRYYR,Y359,-0.29367643937601356,-0.6348244150279404,-0.35653876282456,-0.38915030006093787
AARAKG,P09429,YEKDIAAyRAKGKPD,Y162,-1.8756465132903006,-1.7270123777259785,-1.2206365150408878,-0.7015461647191873
RMSYPA,P07910,RDYYDRMySYPARVP,Y137,-0.9928479096343094,-1.0700795368238363,-0.5779509430941469,0.23142355483767993
GPDRPG,P52597,SVQRPGPyDRPGTAR,Y210,-1.0970639422356534,-1.276051864838467,-0.44120934883809326,-0.20280857078566095
DDSSSR,P38159,GSSRYDDySSSRDGY,Y313,-0.7329409885095992,-0.7580327387985915,-0.36665319152006853,0.08903922650793747
RDTYRD,P38159,YAPPPRDyTYRDYGH,Y241,-0.6929555493205178,-0.7448240672006191,-0.6478558405898865,-0.12295012912741472
DVLSPR,P38159,LPSRRDVyLSPRDDG,Y206,-0.6534549588954109,-0.936044680752646,-0.4854715964315247,0.017360859437497753
DLSSGR,P38159,SSSRSDLySSGRDRV,Y335,-0.565426320036608,-0.8908534850223829,-0.5709650976844511,0.11309777761583842
DSGGPP,P38159,VSRGRDSyGGPPRRE,Y190,-0.4440661104412504,-0.3642039812635294,-0.40133041435121786,-0.13682154127834925
MADRRG,P61978,RGGDLMAyDRRGRPG,Y323,-0.9734657984980569,-0.976035505692983,-0.6262808752805367,-0.03328465114159344
EPANPT,P52272,GGNRFEPyANPTKRY,Y64,-1.5309623984049943,-1.4966228290360726,-0.9130650745114277,-0.03166074118873467
EPANPT,P52272,GGNRFEPyANPTKRY,Y64,-1.198909502990285,-1.31171347445961,-0.8292178611047599,-0.16336272370791455
EDYYHP,O43390,RSTAYEDyYYHPPPR,Y434,-0.5630788429324396,-0.6794114549218645,-0.32926900284363164,-0.5273614562231277
DWPHSR,P04792,WDPFRDWyPHSRLFD,Y23,-0.3959070991267345,-0.5345272883554765,-0.2904703284230346,-0.5291096756845154
ASERLD,Q8WUF5,KPSQTASyERLDVFA,Y269,-0.9275021781361261,-0.7850452949203772,-0.04391993492570012,0.20848677947565805
GTGVRA,P13598,RQQRMGTyGVRAAWR,Y260,-0.5971265560821486,-0.6137705546475102,-0.29721038796915583,0.2817445558298422
GTGVRA,P13598,RQQRMGTyGVRAAWR,Y260,-0.8041280094358529,-0.7952343308756706,-0.9086495660587214,-0.5809280643134345
TDVSTR,Q9UPZ9,SKPPYTDyVSTRWYR,Y159,-0.04392589175715617,-0.1208998295974983,0.22780382027620724,0.4471120684066511
DIETDY,P08069,FGMTRDIyETDYYRK,Y1161,-0.8195218591268801,-0.6682367901648317,-0.4374624097041821,0.22629345713448695
DIETDY,P08069,FGMTRDIyETDYYRK,Y1161,-1.3412391555119518,-1.0562952868810682,-0.895283688451752,0.02081788818162721
TDYRKG,P08069,RDIYETDyYRKGGKG,Y1165,-1.3412391555119518,-1.0562952868810682,-0.895283688451752,0.02081788818162721
TDYRKG,P08069,RDIYETDyYRKGGKG,Y1165,-0.8417313535924709,-0.6361657148019232,-0.41977630285559936,0.1551790772477479
TDYRKG,P08069,RDIYETDyYRKGGKG,Y1165,-0.804995928071976,-0.8508310641815792,-0.5672653592549459,-0.001952439853196394
FIGNQD,Q96J02,QFNQRFIyGNQDLFA,Y420,-0.1999868895899366,-0.5989687424685132,0.05475759855717675,-0.2115779846081438
LILVPE,Q9NZM3,EYQNKLIyLVPEKQL,Y553,-0.07336955169061114,-0.06672166696662361,0.27791414663156566,-0.008905583008631921
ALAAVN,Q9NZM3,REEPEALyAAVNKKP,Y968,-0.6518493921842757,-0.6801240280880341,-0.2455561253358611,-0.42175466578027093
ALAAVN,Q9NZM3,REEPEALyAAVNKKP,Y968,-0.39343855947011563,-0.598894895955964,-0.1418785659097741,-0.32379665037921035
GDGQLH,O60674,VRREVGDyGQLHETE,Y570,-0.42546627151042377,-0.4749586555144276,-0.03967914454260795,0.28968999024627884
GDGQLH,O60674,VRREVGDyGQLHETE,Y570,-0.6494856258248811,-0.5718463342562687,-0.3052081053334054,0.26013390125504776
VISQPS,Q9Y624,TSSKKVIySQPSARS,Y280,-0.9882086548436273,-0.9288947134574209,-0.8145546683084143,0.26162131668081057
VISQPS,Q9Y624,TSSKKVIySQPSARS,Y280,-0.8519508053204647,-0.8732083591208376,-0.7471112709581513,0.2290402814316277
DEYSEE,O60341,ANLSEDEyYSEEERN,Y135,0.026589671493662544,-0.05521255121719858,0.21734293019889403,-0.16470388337678155
DEYSEE,O60341,ANLSEDEyYSEEERN,Y135,0.13341402444324782,-0.18206769845522028,-0.06010102143775882,0.07750416857069249
EYSEEE,O60341,NLSEDEYySEEERNA,Y136,0.026589671493662544,-0.05521255121719858,0.21734293019889403,-0.16470388337678155
EYSEEE,O60341,NLSEDEYySEEERNA,Y136,0.13341402444324782,-0.18206769845522028,-0.06010102143775882,0.07750416857069249
EYSEEE,O60341,NLSEDEYySEEERNA,Y136,-0.23131436407093472,-0.6089507029081095,-0.5076640429232729,-0.4978249630841658
EYSEEE,O60341,NLSEDEYySEEERNA,Y136,-0.23131436407093472,-0.6089507029081095,-0.5076640429232729,-0.4978249630841658
ALKNLL,P10721,DHAEAALyKNLLHSK,Y703,-0.55341556306909,-0.2797214853051032,-0.0986023565683431,0.1236354957305752
AGQTI,P11279,RKRSHAGyQTI,Y414,-0.40030510737922287,-0.26383118710737896,-0.2894697398288899,-0.259637703635001
IKHEEF,Q14847,DQISNIKyHEEFEKS,Y122,-0.5443511019928231,-0.4806552411684308,-0.3247651337757598,0.5209087793509529
LINLLK,P00338,TLKDQLIyNLLKEEQ,Y10,-0.24807893288270508,-0.2414985966539139,-0.05531692753439722,-0.2253597161780568
LINLLK,P00338,TLKDQLIyNLLKEEQ,Y10,-0.19366783495250062,-0.27769653939497263,-0.08478660180652427,-0.2543143554589731
SAEVIK,P00338,KQVVESAyEVIKLKG,Y239,-0.08324635590201845,-0.1831282340376811,0.020711374354316425,-0.24609028949585965
DGSYPS,P01130,ICHNQDGySYPSRQM,Y845,-0.3146022414306174,-0.09588223945168278,-0.23146363938861042,-0.09347998455557344
GDYDNL,Q9UGP4,SCLTHGDyYDNLSLA,Y179,,,,inf
GYAAGP,Q93052,GRYYEGYyAAGPGYG,Y301,-0.9471901696053864,-1.0184408382435581,-0.2151738254664816,0.5596973262338422
PTGQQG,Q93052,RNDSDPTyGQQGHPN,Y317,-0.7691989486942984,-0.7121751405822794,-0.14557501748151264,0.3823728001997068
STSNLY,Q96GA3,CESICSTySNLYNHP,Y357,0.5920417453574193,-0.10527844614695386,-0.011394212673881998,0.7075726259737596
STSNLY,Q96GA3,CESICSTySNLYNHP,Y357,0.31473239520180335,-0.2944040240430151,-0.3672372319508351,0.33416290293523343
ENSLSN,Q86V48,FALNNENySLSNRQV,Y414,-0.22143268390635865,-0.7079049311709428,-0.3048669877529745,-0.1572295161548014
GYISPR,P07948,SLDNGGYyISPRITF,Y194,-0.24989749468118985,-0.3263521241138488,-0.1588827332854083,0.0029082193792377715
FSAYQK,P46821,KTPGDFSyAYQKPEE,Y1870,-3.47461352427797,-2.7139144659242445,-0.8192326845313265,-0.5085379037467214
FSAYQK,P46821,KTPGDFSyAYQKPEE,Y1870,-2.2539548451015845,-1.876389110449748,-0.5288992708694941,-0.14827740632755962
YAQKPE,P46821,PGDFSYAyQKPEETT,Y1872,-3.47461352427797,-2.7139144659242445,-0.8192326845313265,-0.5085379037467214
YAQKPE,P46821,PGDFSYAyQKPEETT,Y1872,-1.8492578674006372,-1.534185329687282,-0.7276904753731898,-0.10036682833962142
DACSEV,P46821,RSALRDAyCSEVKAS,Y1227,-1.382531470868637,-1.461829176347522,-0.7903001418250227,-0.10254469196213653
YYEKIE,P46821,SDVGGYYyEKIERTT,Y1906,-1.353783269932841,-1.0643220675410543,-0.5544009604215807,-0.23701375489182874
YCETAE,P46821,PDTSTYCyETAEKIT,Y2042,-1.3101453875781415,-1.134184765987881,-0.7206027689315704,-0.08423771328562998
YCETAE,P46821,PDTSTYCyETAEKIT,Y2042,-1.1678162491648651,-0.8858543261378837,-0.49784810240564203,-0.7753242061362045
STCYET,P46821,RTPDTSTyCYETAEK,Y2040,-1.1678162491648651,-0.8858543261378837,-0.49784810240564203,-0.7753242061362045
EDDYES,P46821,RSPDEEDyDYESYEK,Y1887,-0.9119415356285661,-0.6715983581059782,-0.18599350916262208,-0.6601737875923799
GDSYEI,P46821,KTPEDGDySYEIIEK,Y1938,-0.8359570940609967,-0.8885659547614714,-0.3438261707815873,-0.09861861676402187
YDESYE,P46821,PDEEDYDyESYEKTT,Y1889,-0.8104464126139064,-0.8649517294192324,-0.3911533910640935,0.11283570711311337
YSEIIE,P46821,PEDGDYSyEIIEKTT,Y1940,-0.7074895439319436,-0.8225581214588297,-0.36789134602643325,-0.2643771277000192
YSETSD,P46821,PQASTYSyETSDLCY,Y2059,-0.6655931347492747,-0.8359907119585103,-0.7179101926257835,-0.4234762344894078
SLASLT,P46821,PPRDMSLyASLTSEK,Y1762,-0.658655772830672,-1.005750711397415,-0.3482320511382984,-0.09408200273752135
ESEKTT,P46821,EDYDYESyEKTTRTS,Y1892,-0.6474876271546891,-0.682432660606002,-0.30104602960803856,-0.195747524686382
GGSYDI,P46821,RTPEEGGySYDISEK,Y1955,-0.44226874855375653,-0.7039339826404566,-0.2522505399079177,-0.10843527449402433
SGSYEK,P46821,SPPEVSGySYEKTER,Y1972,-0.3651307584576807,-0.22881152256049977,-0.1589480690696013,-0.6992227822577695
YSDISE,P46821,PEEGGYSyDISEKTT,Y1957,-0.24279829501885428,-0.38379748347054626,-0.25668856917634064,-0.28281659809612975
DYELSD,P11137,IEPGSDYyELSDTRE,Y593,-1.2193663062058888,-1.1596102769946137,-0.5534533145369968,-0.3238540408859094
SDYELS,P11137,SIEPGSDyYELSDTR,Y592,-0.7889367857713919,-0.7561840045445681,-0.4237836542432704,-0.24773966864127756
VSSHIQ,P27816,IVSKKVSySHIQSKC,Y1001,-0.8950625817005735,-1.0571522026480327,-0.4760068800294708,1.5953382123299489
GYDRMD,P43243,RSQESGYyDRMDYED,Y214,-1.8296004496704996,-1.4221490890798596,-0.8933221290753289,-0.04210023277166085
SEERMG,P43243,YHKFDSEyERMGRGP,Y250,-0.9278279296259496,-0.8723420854923821,-0.5732909473385934,-0.0947284466763874
VDRATF,P08581,VSNESVDyRATFPED,Y1003,-0.35621568443333046,-0.4556856442822901,-0.38852216511150733,-0.1221437898807587
LIQRSG,Q9Y3D0,ENANPLIyQRSGERP,Y20,-0.27081634324369563,-0.5412142636219006,-0.07479616896888466,-0.40488739050029127
SGFSLE,Q6WCQ1,KVRVESGyFSLEKTK,Y267,-1.4081751867788224,-1.332315670109586,-0.7626878827943069,-0.1857582877709209
VVADIR,O95297,NKSESVVyADIRKN,Y263,0.2558252224110407,0.4891724930503418,0.5987097091573582,0.42756392444066876
VVADIR,O95297,NKSESVVyADIRKN,Y263,0.17663432463834386,0.1624060787771472,0.3160439097259744,0.3190813158164728
PAESII,Q8N699,STPPPPAyESIIKAF,Y225,-0.33570027056602797,-0.27544747297580835,0.02354648977397791,0.2539455426542804
ERLFVD,P35580,GLEDPERyLFVDRAV,Y13,-0.5418021456671407,-0.6229121625128151,0.01855705656175138,-0.2880795616672929
VINPAT,P35580,FVDRAVIyNPATQAD,Y22,-0.43464707088597254,-0.5874265406726371,-0.19766022600713623,0.01571935211269218
NLRIGQ,P35580,LELDPNLyRIGQSKI,Y761,-0.20343458174364779,-0.31887466484642174,-0.03179597945957465,-0.11446286690144195
YLVDKN,P35579,QAADKYLyVDKNFIN,Y11,0.7145087573335938,0.4915482677500979,0.6947636829154759,1.170792238115996
YLVDKN,P35579,QAADKYLyVDKNFIN,Y11,-1.0873038405726747,-1.200075986062781,-0.6236728650511248,-0.09741886003804276
AADKLE,P35579,HEEKVAAyDKLEKTK,Y1408,-0.25415150967462413,-0.3610407006853391,-0.036643336993719924,0.021631223617266097
NLRIGQ,P35579,LELDSNLyRIGQSKV,Y754,-0.3287793570450374,-0.4421181503118242,-0.19460259941680946,-0.2764760625637947
GVQYHW,Q12965,MGSKGVyQYHWQSH,Y7,-1.044642477785975,-1.2343571447334956,-0.3430416101600815,0.6168912737062393
SLTSMA,Q12965,RSNQKSLyTSMARPP,Y989,-0.5238828521554656,-0.8121332804352969,-0.07441487561403105,-0.2572417351956151
IEFNNK,Q12965,IRWTPIEyFNNKIVC,Y440,-0.09135280809622354,-0.3900749136976712,0.07692342834736778,-0.3169889304372434
STHKSC,O14974,SVNEGSTyHKSCSFG,Y549,-0.4080882639444847,-0.3520287462876736,-0.2374517167352178,1.247599437412728
GSSYLE,O14974,LLGRSGSySYLEERK,Y911,-1.5724214627015907,-1.1821799747097166,-0.551347211165429,0.029166448389612427
ETQRYR,O14974,SRTYDETyQRYRPVS,Y766,-1.373138903693403,-1.249622440129609,-0.4521127359334799,-0.13030458622824803
ETQRYR,O14974,SRTYDETyQRYRPVS,Y766,-2.1239301064119798,-1.877712372520765,-1.0527824885481163,0.0023151118422586616
ETQRYR,O14974,SRTYDETyQRYRPVS,Y766,-2.1239301064119798,-1.877712372520765,-1.0527824885481163,0.0023151118422586616
DRDSLL,O14974,STSAGDRyDSLLGRS,Y901,-1.3223923499733157,-1.054689573868053,-0.589437870426871,0.007986363958788245
LAVAPT,O14974,SKGTRLAyVAPTIPR,Y496,-1.0045809252959,-1.1500101289376423,-0.3990206790595952,-0.13340423903243825
ADATLY,O15049,PRNEPADyATLYYRE,Y83,0.9956618742898532,0.704283026255045,0.7437285434821592,0.5428596249880234
LSLHLP,O15049,GQREFLSyLHLPKKD,Y58,0.5966037126723476,0.29753821639321765,0.5976995205883876,0.6203166505676488
RLDLNM,P16333,VDPGERLyDLNMPAY,Y105,0.42614643783729184,0.1371689159682269,0.16320703348784962,0.14471602310166926
RLDLNM,P16333,VDPGERLyDLNMPAY,Y105,0.22313159914476816,-0.06251666645481875,-0.02186264918223631,-0.028551666405140105
RIDLNI,O43639,GSGADRIyDLNIPAF,Y110,-0.15875446225878456,-0.15160152973166635,-0.12428828811339042,-0.22472781723428686
STSEA,O14786,KLNTQSTySEA,Y920,-0.38658324811764433,-0.020096483539070877,0.027312613713379064,-0.2664338342194566
LHECIV,Q9UKK9,VLQRTLHyECIVLVK,Y74,-0.11561225515703812,-0.4003498909103133,-0.016611487520793736,-0.2434000217465849
PIHSPI,O60890,MDGKEPIyHSPITKQ,Y370,0.3273278231136162,-0.07458200146880947,0.2238861132919178,0.16551425670515624
PIHSPI,O60890,MDGKEPIyHSPITKQ,Y370,-0.07458334859484665,-0.3269284603241775,0.006452915433625577,-0.3495396440491074
PQKYAA,P11940,AVRTVPQyKYAAGVR,Y511,-1.2513877679470509,-1.1638497984386242,-0.6566964991779759,-0.07466118662094748
PLVALA,P11940,IVATKPLyVALAQRK,Y364,-0.34513628824735515,-0.5533156666541353,-0.2180753048320164,-0.017529008355059567
PLVALA,Q13310,IVGSKPLyVALAQRK,Y364,-0.4577051283645926,-0.5091512510183599,-0.19237529269139678,-0.02945052293285585
ALAMEI,Q9NP74,EQNRKALyAMEIKVE,Y174,-1.4889377355255622,-1.5446531199792195,-0.48018951291239187,-0.1371209242159987
ALAMEI,Q9NP74,EQNRKALyAMEIKVE,Y174,-1.2817206606596303,-1.3369301471724322,-0.45963482045343707,-0.1197344940460939
PVANPF,Q9NP74,TEYHEPVyANPFYRP,Y262,-0.9530307644727694,-1.7353925058734248,-0.2408218429381398,0.08037425125393041
PVANPF,Q9NP74,TEYHEPVyANPFYRP,Y262,-0.8124860063054593,,-0.49150832513890996,0.014098326361019719
PVANPF,Q9NP74,TEYHEPVyANPFYRP,Y262,-0.8686918330679053,-1.179633403800193,-0.41405599732114645,0.2243538879548449
PVANPF,Q9NP74,TEYHEPVyANPFYRP,Y262,-1.5269743215851574,-1.3026886921045786,-0.47244956773081026,-0.19593082447055946
PVANPF,Q9NP74,TEYHEPVyANPFYRP,Y262,-0.5664091684210706,-0.5079088972356727,0.011819431298169765,-0.21363588745308335
DIANIP,Q9NP74,EESIEDIyANIPDLP,Y140,-0.8774712518800354,-0.6515613863611746,-0.17429512057975227,-0.3011839333742708
TEHEPV,Q9NP74,NSKSPTEyHEPVYAN,Y257,-0.8667516765919495,,-0.2460315386857565,-0.2626983894823613
TEHEPV,Q9NP74,NSKSPTEyHEPVYAN,Y257,-0.8124860063054593,,-0.49150832513890996,0.014098326361019719
SIKKLL,P25116,SNLNNSIyKKLLT,Y420,-0.1724242368268367,-0.03707513735557739,0.13450175899974653,0.34132623167405396
SIKKLL,P25116,SNLNNSIyKKLLT,Y420,-1.225702553163974,-0.8040702376191473,-0.44954921769552564,-0.6349794147051114
GLAKVN,Q8TEW8,RDHLEGLyAKVNKPY,Y1000,0.42553799734458586,0.0571238786647217,0.09547589052472526,0.37353549707463346
SEDLLW,Q8TEW8,GRARPSEyDLLWVPG,Y1056,0.2829288169644818,-0.17650529182796265,0.11285066298395739,-0.04372585203368274
SEDLLW,Q8TEW8,GRARPSEyDLLWVPG,Y1056,-0.2868053251925659,-0.17090620543276405,0.1929866889818247,-0.10788537943525442
SLSGIE,Q8TEW0,RRISHSLySGIEGLD,Y719,0.4295426443665902,0.18062170835351193,-0.07215259806798588,0.09273004428742947
NYSSRF,Q8TEW0,QSEKNNYySSRFSPD,Y378,-0.2056059757884567,-0.2393984259320624,-0.19661922557452963,-0.17552245012325604
RDAEIQ,Q8TEW0,RQARERDyAEIQDFH,Y1080,-0.19074404657601388,-0.30248043245032274,-0.18974474512261913,0.18969789309936277
NNYSSR,Q8TEW0,SQSEKNNyYSSRFSP,Y377,-0.15349783212224177,-0.6830548964442121,-0.2051381689444328,0.10872839000200009
PIVKNI,Q8TEW0,IGGSAPIyVKNILPR,Y489,-0.019425359684717796,-0.1634838130731451,-0.015171955409089291,-0.13286868078205005
ALAQVK,Q8TEW0,GHMMDALyAQVKKPR,Y1127,-0.015538362237139645,-0.4303870570944605,-0.1717334782025941,-0.21819714317636626
GDEEL,Q3YEC7,RHPGGGDyEEL,Y726,-0.38287461967878267,-0.3378162918899594,-0.4719967528166335,-0.07079120391247692
DLDGQV,Q9NVD7,KDLAEDLyDGQVLQK,Y124,-0.1281743539081481,-0.31661923214171117,0.05841253184122995,-0.14063225254090703
NIAVKT,P40425,FQEEANIyAVKTAVS,Y316,-0.30113460733954067,-0.392373392513922,-0.32792033039535,-0.43105655035380247
ENRPLA,Q15154,PFSADENyRPLAKTR,Y965,-0.2643392775931034,-0.4384075192729884,-0.24076347598388123,-0.18992467526154547
TEMAFP,Q15154,NSSGKTEyMAFPKPF,Y1176,-0.04431484410191552,-0.3426193344633792,-0.2970072047099455,-0.1139867148077416
NADNLA,Q9H792,IVINPNAyDNLAIYK,Y635,0.8313712628920755,0.4782780297640958,0.8110214698193853,0.5042402787048833
NADNLA,Q9H792,IVINPNAyDNLAIYK,Y635,0.8282666951189817,0.6790335736692853,0.8552460340270033,0.720423409946076
NADNLA,Q9H792,IVINPNAyDNLAIYK,Y635,0.3697872687969134,0.08116252974153716,0.32631836175796913,0.19774826330136688
AIKSFL,Q9H792,AYDNLAIyKSFLGTS,Y641,0.8313712628920755,0.4782780297640958,0.8110214698193853,0.5042402787048833
AIKSFL,Q9H792,AYDNLAIyKSFLGTS,Y641,0.5388919311685353,0.269332332605877,0.13164911033032675,0.3204757722309
AIKSFL,Q9H792,AYDNLAIyKSFLGTS,Y641,0.37592108650726913,-0.10698921347458593,0.27836187850733946,0.11623970593983785
AIKSFL,Q9H792,AYDNLAIyKSFLGTS,Y641,0.3697872687969134,0.08116252974153716,0.32631836175796913,0.19774826330136688
PTARSS,Q9H792,IIHDEPTyARSSKNA,Y616,0.4825883896072654,0.1420711156716541,0.38502032631982963,0.05961755803022879
NPATIR,Q5VY43,SLSSENPyATIRDLP,Y925,0.3644995373509725,-0.15739689979474683,0.10030432816903907,0.15109720622077472
GWDADL,P18669,ENRFSGWyDADLSPA,Y26,0.330428659880516,-0.000142403372735047,0.34555517747208064,0.958981818191381
RHGGLT,P18669,WRLNERHyGGLTGLN,Y92,0.1837266480089543,-0.1539878748331081,0.25473601865196016,0.1822582795188606
LNFAKA,P00558,LMKKELNyFAKALES,Y196,-0.08308841271815762,-0.2224933874739026,-0.08348684901618718,-0.18013396624689557
FGHIIM,Q9Y237,PVKTKFGyHIIMVEG,Y122,0.0046610108694501665,-0.16447532643312007,0.18091973237344572,-0.09316518016175705
HSEDPY,Q99569,YLQSPHSyEDPYFDD,Y1139,-0.09659649382427073,-0.1518580422624751,0.2703034070415837,0.4746612132094002
PIEGRT,Q99569,DLHITPIyEGRTYYS,Y415,-0.12824105320436333,-0.33492809940747836,-0.17216288356717335,0.4717647063581956
TNVDFY,Q99569,GLKSTTNyVDFYSTK,Y1168,-0.2679287593382699,-0.7656841368485482,0.15539444972254068,-0.1820980010746685
CNNRLQ,Q99569,YRVQECNyNRLQHAV,Y494,-1.1739912316576497,-1.2625515263535148,-0.24081815564255907,0.029403681004789108
LTQRNN,Q99569,SQRSTLTyQRNNYAL,Y465,-0.850892333782035,-0.8441664705937219,-0.3485444057854358,-0.09423884266461781
NNALNT,Q99569,LTYQRNNyALNTTAT,Y470,-0.7487761237616104,-0.42504256420914793,-0.32728482652139623,-0.011526664045485562
NNALNT,Q99569,LTYQRNNyALNTTAT,Y470,-0.5211594924913256,-0.6851235221755118,-0.006066945488479342,0.19980264941574294
NNALNT,Q99569,LTYQRNNyALNTTAT,Y470,-0.5211594924913256,-0.6851235221755118,-0.006066945488479342,0.19980264941574294
DIERMV,Q99569,GQQQYDIyERMVPPR,Y372,-0.7067740437928538,-0.4164124246215121,-0.4834114718213463,-0.024644170418014207
ATAEPY,Q99569,ALNTTATyAEPYRPI,Y478,-0.38284072457655544,-0.6371397899422782,-0.1874683562229831,0.032755973406895664
TDSTQY,Q99569,HFPASTDySTQYGLK,Y1156,-0.297004509743122,-0.242425467591352,0.031108518196755936,0.13560057627870026
ACRDMS,P19174,IGTERACyRDMSSFP,Y977,0.823766190918643,0.6624007944435509,1.3777747714652755,1.495964633143639
ALEGRN,P19174,EPDYGALyEGRNPGF,Y775,0.7969332438835504,0.14516590764158793,0.5912176991823436,0.6976333540114751
ALEGRN,P19174,EPDYGALyEGRNPGF,Y775,0.5951749124337113,0.09573711700626923,0.5108950860588026,0.422759396583407
PDGALY,P19174,IGTAEPDyGALYEGR,Y771,0.5951749124337113,0.09573711700626923,0.5108950860588026,0.422759396583407
PDGALY,P19174,IGTAEPDyGALYEGR,Y771,-0.03290731672302807,-0.3734873654613691,0.16096964469677852,0.18065511617247607
EWPHYF,P19174,DPVNHEWyPHYFVLT,Y506,0.0881094104667076,-0.09885733754468667,0.265114462807612,0.22263113148609848
GFVEAN,P19174,EGRNPGFyVEANPMP,Y783,0.1975773627731481,-0.17466479681758612,0.20504039052350567,0.061418067643928036
GFVEAN,P19174,EGRNPGFyVEANPMP,Y783,0.12850898579536435,-0.17419677170354206,0.07385177529010438,0.065248746588146
VDDVSP,Q13393,FEGEEVDyDVSPSDP,Y42,-0.27911052309198225,-0.43898913576181103,-0.093900138881482,-0.11016890802486885
SIGEKF,P62937,GTGGKSIyGEKFEDE,Y79,-0.6139469807506425,-0.5729840506113074,-0.45333997670724124,0.3079122054657911
DIREMG,Q8WUA2,KNTNQDIyREMGFGH,Y412,-0.13011293274079144,-0.47850198777934777,-0.5467483884577575,0.1458975642331295
TPLVSR,Q13523,ADNDITPyLVSRFYR,Y849,0.24212569614048648,0.15664103178100577,0.1394102761809068,1.2429251551188727
PIIQFS,P26599,VLRGQPIyIQFSNHK,Y127,0.2795914796016872,-0.03031453858329185,-0.040857734915664974,1.5943913029270633
SDANFK,P18433,YIDAFSDyANFK,Y798,0.23011355214109722,0.017632058544532408,0.25167023323186416,0.22764071107815143
PVSRH,P23467,EYHRDPVySRH,Y1994,-0.7412570693192134,-0.7700383815054501,-0.5717759002360294,-0.22199158868221408
PIENVN,P23467,ENPLFPIyENVNPEY,Y1981,-0.21371237718138414,-0.5265110152297459,-0.0777256117579395,0.13266403019988696
SDANFK,P23469,FIDIFSDyANFK,Y696,-0.08361809306997317,0.1164273344734533,0.26352414786026795,0.2661200012293371
VVARSK,Q6NZI2,FTPDHVVyARSKTAV,Y308,-1.8236382368550004,-1.7681290802760734,-0.686549740855574,0.144047913409637
VVARSK,Q6NZI2,FTPDHVVyARSKTAV,Y308,-1.6969836862126009,-1.4587677163319925,-0.7852433243873788,-0.028151506488029297
VVARSK,Q6NZI2,FTPDHVVyARSKTAV,Y308,-1.4492723209024856,-1.5102198262823912,-0.9670513590462299,0.07863465546972236
VVARSK,Q6NZI2,FTPDHVVyARSKTAV,Y308,-1.3533928453393649,-1.522174674539874,-0.7861708150817935,-0.0019524911109584126
VVARSK,Q6NZI2,FTPDHVVyARSKTAV,Y308,-1.1893192841005233,-1.3409501585061372,-0.7041968096828016,-0.023702361775364462
VVARSK,Q6NZI2,FTPDHVVyARSKTAV,Y308,-0.8333902415327346,-0.9984490348793502,-0.561735098718271,-0.25007279229643403
VVARSK,Q6NZI2,FTPDHVVyARSKTAV,Y308,-1.3533928453393649,-1.522174674539874,-0.7861708150817935,-0.0019524911109584126
VVARSK,Q6NZI2,FTPDHVVyARSKTAV,Y308,-0.8333902415327346,-0.9984490348793502,-0.561735098718271,-0.25007279229643403
AVKVPP,Q6NZI2,ARSKTAVyKVPPFTF,Y316,-1.2905840902626984,-1.464174630156353,-0.8883023595072773,-0.06042650996208371
MIQDEV,Q6NZI2,RNFKVMIyQDEVKLP,Y156,-0.2905206610552848,-0.2969403018779978,0.05317695671853708,0.16226422434849425
MIQDEV,Q6NZI2,RNFKVMIyQDEVKLP,Y156,-0.26406082568037853,-0.32989521892949186,-0.18020104092373349,-0.19033425557622888
MIQDEV,Q6NZI2,RNFKVMIyQDEVKLP,Y156,-0.25323886015920344,-0.3487809023009058,-0.042015370752250904,-0.10474356656520763
MIQDEV,Q6NZI2,RNFKVMIyQDEVKLP,Y156,-0.1885982640470982,-0.31589711086187156,0.031591229204947946,-0.08977087862743365
PIDALS,Q92692,LDKINPIyDALSYSS,Y513,-0.26800249475623283,-0.2946674884213149,-0.3870334775821759,0.006387182552407879
HYDKCP,P06737,IRTQQHYyDKCPKRV,Y76,-0.2198556959541169,-0.4245976609367884,-0.0399466059391825,-0.2949149291723496
QYDISA,P62826,RKKNLQYyDISAKSN,Y147,-0.1295393130391704,-0.2290260654842103,0.06877457002905912,-0.15046207149198798
LQYDIS,P62826,HRKKNLQyYDISAKS,Y146,-0.10620748719689647,-0.28353648461323455,0.07676467339839342,-0.08732356576703951
SADWTS,Q70E73,LKRTESAyDWTSLSS,Y524,-0.8823469323658372,-1.0576278180965837,-0.35688544339334277,-0.037254408611195874
SDARYS,Q96PK6,LPDAHSDyARYSGSY,Y645,-0.328322542019162,-0.8418105427013398,-0.16321800351624788,-0.47449127501402816
EQGAVR,Q9BWF3,TEQYNEQyGAVRTPY,Y194,-0.18951889647294787,-0.333830697318797,-0.19724036036198225,-0.29394625422853127
VLSQPP,Q8NFH8,PAKKDVLySQPPSKP,Y558,-1.097815238509751,-1.1823356779526328,-0.5178949635356237,-0.31145029638564853
VGRVPA,Q13671,RRESSVGyRVPAGSG,Y295,0.6827223763238243,0.3764585654843869,0.4401112129290039,0.08696805666161847
VGRVPA,Q13671,RRESSVGyRVPAGSG,Y295,-0.1607866520282891,-0.15719213392182665,0.4197783738331111,-0.053254608612507436
PLDVPN,Q13671,KPAQDPLyDVPNASG,Y36,-0.16045769740765936,-0.2559342199638331,0.2735797022205629,0.06105819901199657
VAQDPS,Q13671,QHLLRVAyQDPSSGC,Y632,-0.10683472652436628,-0.06070460080326602,0.11644021281472669,-0.4954738849810368
HLGSRM,Q13546,DEANYHLyGSRMDRQ,Y387,-0.7126712366781588,-0.8346841961708714,-0.2842909455390557,0.02053338642483055
RPENFQ,Q13546,PFAQQRPyENFQNTE,Y426,-0.3227364891679671,-1.0312779012550095,-0.5736235559934298,-0.08184835488173868
DCFMKL,O43353,SRKAQDCyFMKLHHC,Y381,-1.0894796960694322,-1.104096115289926,0.06436887385763287,0.2990309803326527
DCFMKL,O43353,SRKAQDCyFMKLHHC,Y381,-0.28921667618214497,-0.5548920865655372,-0.16074621788320093,-0.07500445992743678
VQNIVE,Q9Y6N7,QEVAPVQyNIVEQNK,Y1114,-0.633909762361552,-0.44132916096900454,-0.42938582777819884,0.2783303197652367
STAGIR,Q9Y6N7,RNGLTSTyAGIRKVP,Y932,-1.3930111929488451,-1.2322623175778944,-0.7339291713483475,-0.039055654012196066
KIESIE,O75116,LADKNKIyESIEEAK,Y722,-0.5516584553613627,-0.43181642582032875,-0.17489285899581422,-0.1782287800217483
YDEAWA,Q9H6T3,NRIKSYDyEAWAKLD,Y90,-1.600302288580387,-1.4246824326412426,-0.6475351188823092,-0.10291514926072705
ALSGVH,O94885,LDERSALySGVHKKP,Y307,-0.8398549828643331,-0.5214936765755204,-0.22515229444565793,0.4316223424322482
GCESSE,O94885,SPRDSGCyESSENLE,Y728,-0.49708408374480856,-0.48885705479561786,-0.507813702748098,-0.17115823176504721
GSALTS,O95810,KVRYEGSyALTSEEA,Y399,,,,inf
GSALTS,O95810,KVRYEGSyALTSEEA,Y399,-2.834849765947545,-2.5279962787334673,-1.1470454014566598,0.01657823680044334
GSALTS,O95810,KVRYEGSyALTSEEA,Y399,-0.9335535077591366,-1.1241956138028608,-0.5207420790208988,0.020179447257610512
GSALTS,O95810,KVRYEGSyALTSEEA,Y399,-0.5069372307303701,-0.4434014399054924,-0.26000576130116926,-0.3297345499695634
VREGSY,O95810,EQAQKVRyEGSYALT,Y395,-2.834849765947545,-2.5279962787334673,-1.1470454014566598,0.01657823680044334
VREGSY,O95810,EQAQKVRyEGSYALT,Y395,-1.2186820416328414,-1.2742123704369146,-0.8458605123437907,-0.14128724709654286
PGVGFA,Q15019,INPETPGyVGFANLP,Y17,-1.5233071574761616,-1.2953168969034987,-0.34766387255449566,0.8113972684676186
KQVGFA,Q99719,KQDIDKQyVGFATLP,Y24,-0.4900875822670164,-0.13052136638295195,-0.34260166315211227,-0.17512599059928052
VTNGVD,Q16181,RKLAAVTyNGVDNNK,Y319,-0.8180967126785765,-1.042296410175635,-0.4563734778185301,-0.18830918255471943
EGVGFA,Q16181,QQKNLEGyVGFANLP,Y30,0.05362640414771093,-0.21076221730855071,0.047176348256311576,-0.3039878972695951
EVAPGL,Q15459,KQSDDEVyAPGLDIE,Y456,-0.38360517238124325,-0.3857014261748966,-0.38298920636851785,-0.16432005293808016
FEEYSQ,P23246,AQHGTFEyEYSQRWK,Y488,-0.10816459641420996,-0.18711189992248883,0.029327180692430843,-0.03345444341667231
AGMEPY,Q15464,GKGESAGyMEPYEAQ,Y268,-0.6433237430292451,-0.7435916908504451,-0.28872005251077587,0.0001566943900194575
AGMEPY,Q15464,GKGESAGyMEPYEAQ,Y268,-0.5539917307899532,-0.4639422206578169,-0.11982105278489232,0.01565697253077987
AGMEPY,Q15464,GKGESAGyMEPYEAQ,Y268,-0.4318126651199594,-0.15179874595049722,-0.17121929701580607,-0.3272061200602862
DPNGPG,Q15464,ERDFEDPyNGPGSSL,Y96,-0.5763432453910665,-0.4964138260942053,-0.31087894459678106,-0.15672573319710617
DDSDPF,Q15464,KVTIADDySDPFDAK,Y246,-0.5511115401276617,-0.5226310952599313,-0.34093449528118047,-0.21347090325291346
LDCGGS,Q15464,RAMCRLDyCGGSGEP,Y114,-0.37107155765064104,-0.26703094314888165,-0.0702071176722032,-0.15849062496209215
DEDQPW,Q15464,DDRPADEyDQPWEWN,Y336,-0.20759893234179289,-0.29759277127408196,-0.034702060412357974,0.021119874391016005
PSVNVQ,P29353,ELFDDPSyVNVQNLD,Y427,0.1636445436761929,-0.05688420265452087,0.7924804994076899,0.12036748529283264
DGMEPY,Q5VZ18,RVGENDGyMEPYDAQ,Y228,0.06995978233657962,-0.21204101918257154,-0.1676814263541437,0.24313442804209798
DGMEPY,Q5VZ18,RVGENDGyMEPYDAQ,Y228,-0.4149621292691152,-0.41380694857969347,-0.22442261155128235,0.0014313573027022611
QLDTPY,Q5VZ18,LGKPPQLyDTPYEPA,Y290,-2.228142578033067,-2.2077599593574857,-0.9872916085392411,-0.35034412960300165
EDADPY,Q5VZ18,TVIILEDyADPYDAK,Y204,-0.8061620828121295,-0.9832845014859224,-0.32162673399166547,-0.014100423655678656
EDADPY,Q5VZ18,TVIILEDyADPYDAK,Y204,-0.5143757101781432,-0.8333227126727122,-0.40112784565666204,-0.24289719159386092
PLGSLS,Q92835,EMFENPLyGSLSSFP,Y1022,0.064654423741953,0.18014667081647665,,0.26302759441935536
KLDFVK,Q92835,GKTREKLyDFVKTER,Y865,-0.21936398555079423,-0.3926938176748008,0.17132697470188246,0.07686671770450443
PAYVLE,O15357,NSFNNPAyYVLEGVP,Y986,1.4601412671676353,1.0005533383142402,1.325817898555514,1.0641361905218092
VDAPAG,O15357,KTLSEVDyAPAGPAR,Y1135,-0.44261626000581195,-0.6913455116932665,-0.029998931818857037,0.16818521791033952
RLEWIS,O15357,LGTRERLyEWISIDK,Y886,-0.4297823531218653,-0.5508619988912291,0.1194377322636632,0.1636612393261811
ITADLN,P78324,QDTNDITyADLNLPK,Y429,-0.09792966231354551,-0.5876431654390615,-0.20317016632954665,-0.09727466095952775
SEASVQ,P78324,PEPSFSEyASVQVPR,Y496,0.000643060781838907,-0.31111465183003967,-0.00701259813889971,0.0072018133574397875
GFADPY,Q5T5P2,MYRNEGFyADPYLYH,Y393,-0.5073560577789347,-0.44092889860309115,0.3539473349187139,-0.2958008523399299
NVYELN,Q5T5P2,KDESRNVyYELNDVR,Y244,-0.38638522348019155,-0.47829117312801717,-0.22551593210513632,-0.38418709378907817
PVQIQN,Q9H0W8,QRPTQPVyQIQNRGM,Y147,-1.4020489201301263,-1.4212696379550434,-0.6305711135264059,-0.28483753397875566
FGSR,Q7KZF4,DDADEFGySR,Y908,-1.551187495647411,-1.2478224439904035,-0.8695010423054997,0.23198495001974984
RDVAPT,Q7KZF4,RLRIWRDyVAPTANL,Y329,-1.211565444308588,-1.099650074985528,-0.746405556019068,-0.05109292880250874
VISKYT,Q13573,QSKDKVIySKYTDLV,Y113,-0.995977573787459,-0.9375862349904197,-0.4568877907816462,-0.08129990854292145
VISKYT,Q13573,QSKDKVIySKYTDLV,Y113,-0.8115619887002543,-0.8260919946785508,-0.4404794466495216,-0.006521185125227312
ELHSLL,Q13813,MKQVEELyHSLLELG,Y1073,-0.08789280287915652,-0.035188157234752736,0.12822145247346772,-0.05623759240306794
HAQQFL,Q01082,LLSQSHAyQQFLRDT,Y1171,-0.25837258545067476,-0.2478136688950247,-0.07698928689945087,0.5551812472667333
DLTDLR,Q01082,SCRITDLyTDLRDGR,Y79,-0.16347600819045469,-0.3878973983998998,-0.054884481819332656,-0.18946399876490344
KLAGLK,Q01082,QSKVDKLyAGLKDLA,Y1680,-0.1029888964618565,-0.2844577142073425,-0.018982760934622766,0.021123420404738795
PEENVV,Q14162,ERQEEPEyENVVPIS,Y818,0.15775305564415387,-0.1673844647100011,0.21610923685372588,0.06733132205969761
PEENVV,Q14162,ERQEEPEyENVVPIS,Y818,-0.43362083540610896,-0.20113587412661552,0.03765758097595211,0.25134532762037753
AIGRNG,Q13242,RDAEDAIyGRNGYDY,Y70,-0.09685057976653728,-0.15890413853694974,-0.0558430085826001,-0.19951222552273076
VAQYVK,Q04837,PGLRDVAyQYVKKGS,Y99,0.0416367026160594,-0.1505579736194367,0.1176432005712057,-0.09573835890674012
SVSKLH,O75886,EAPVYSVySKLHPPA,Y374,-0.6098385529689077,-0.825938054357038,-0.52750792814024,-0.27181237718614903
TGIKTE,P42224,DGPKGTGyIKTELIS,Y701,-1.638808825130001,-1.65576186384582,-0.5729123297276691,0.5206540317623485
APLKTK,P40763,DPGSAAPyLKTKFIC,Y705,-0.17900906380137666,-0.49602090352535455,-0.4696991761647561,1.3639937450209618
VNSGCQ,P40763,LLGPGVNySGCQITW,Y539,-0.6001538109108459,-0.44165239604997214,-0.28272047034587866,0.08518521170147057
LAINPD,P31948,KEQERLAyINPDLAL,Y354,-0.18714760053076643,-0.44173976099044815,-0.11022815666567189,0.18017125941727521
QISDGS,Q9Y2Z0,NRLFQQIySDGSDEV,Y317,-2.154473298480971,-1.9331887190508672,-0.8960886763216285,0.10219988560129044
QISDGS,Q9Y2Z0,NRLFQQIySDGSDEV,Y317,-0.2777544944877966,-0.19181633974389303,-0.0009828250930084023,-0.0521433709154519
SPTRNW,Q9Y2Z0,LYPSSSPyTRNWDKL,Y283,-1.6947491612404482,-1.2991788345671147,-0.7891568574059203,0.1408202121608952
SLHGYL,Q8N3V7,RTPPASLyHGYLPEN,Y789,0.07577113410025195,0.11213465567070338,0.09414862290635333,1.0337780859436276
DVVELS,Q9H2D6,SGKYQDVyVELSHIK,Y2325,-0.508210042794366,-0.8315846060740677,-0.2323770208923516,-0.10053267537843985
LDVELS,Q9H2D6,GQRQALDyVELSPLT,Y1945,0.01345970238527012,-0.33685089642650917,-0.050328537675702695,0.15080431842974587
EKTISQ,Q99426,DVSRVEKyTISQEAY,Y107,-1.2901445126057909,-1.1936399852305741,-0.657361608623314,0.2149373433552548
GEEDVS,Q99426,SGARLGEyEDVSRVE,Y98,-1.3965680893661987,-1.307910276263402,-0.772881763035402,-0.05722634250585247
CSTMCP,Q63HR2,EGHEGCSyTMCPEGR,Y770,-0.22978708150757018,-0.21287981988399068,-0.027506370598584545,0.3073305017851132
SPAQVQ,Q63HR2,GPLDGSPyAQVQRPP,Y483,0.2888491596619589,0.2923009381622962,0.45593744927582175,0.3390072630260999
ALGLRL,Q63HR2,ALPTAALyGLRLERE,Y705,0.08198749633126012,-0.1696917299409257,0.21409168058048542,0.05890137389206526
PVVGRV,P21980,SRRSSPVyVGRVVSG,Y219,-0.3412893978586701,-0.3497601864264284,0.028114451744077278,-0.19789436005849734
GTCCGP,P21980,QEKSEGTyCCGPVPV,Y369,-0.2408743739422126,-0.0739973602553896,-0.15828809210858857,-0.4611498675223688
APSRPK,Q86V81,GRNRPAPySRPKQLP,Y77,-1.888825937407363,-1.5080584251470681,-1.0371878431645978,0.15992426561165762
LNSVYT,P35590,MAIESLNySVYTTKS,Y1027,0.19987045833989492,-0.1681504755722137,0.20901161314086372,0.22352524825894135
LNSVYT,P35590,MAIESLNySVYTTKS,Y1027,0.11692300799999383,-0.19005413481815545,0.11060244143645949,0.2968095108162064
EVVKKT,P35590,LSRGEEVyVKKTMGR,Y1007,0.03998879772174405,0.08727831546327076,-0.08141513339467162,0.07748978832919731
TLEKFT,Q02763,TYVNTTLyEKFTYAG,Y1108,0.17206080122958095,0.10868536589408415,0.3794461496321263,0.8530540329465113
TLEKFT,Q02763,TYVNTTLyEKFTYAG,Y1108,0.014951185482596854,-0.05321396954746289,0.1445324779842593,0.5955045661229067
KTVNTT,Q02763,MLEERKTyVNTTLYE,Y1102,0.014951185482596854,-0.05321396954746289,0.1445324779842593,0.5955045661229067
EVVKKT,Q02763,LSRGQEVyVKKTMGR,Y992,0.3164519016172681,0.10754961814884853,0.2826182371326779,0.5125395898703633
TIPVLD,Q02763,NNPDPTIyPVLDWND,Y816,0.23257649704053565,-0.10869563916012973,-0.0015552668784781962,-0.12797899651722858
EISQIQ,P29401,EQIIQEIySQIQSKK,Y275,-0.2831659201643604,-0.10115273747295866,0.11263032500781998,-0.1953850808127283
FFSDQN,Q9Y490,LLRRKFFySDQNVDS,Y199,-0.7795139309719422,-0.7777285969284842,-0.3715146934739887,0.34117575786610843
DESLVR,Q9Y490,GITNHDEySLVRELM,Y127,0.0856430758399866,-0.16720919509079493,0.23313965155838667,-0.2732837704204355
ENAGIA,Q9Y490,VAQGNENyAGIAARD,Y1116,-1.513482367261979,-2.1384675141270395,-0.8676424484467995,-0.008968944062086053
QQNRVG,Q9Y490,STVLQQQyNRVGKVE,Y436,-0.9384671383601275,-1.01866646972464,-0.42370156749702226,0.10619970194832648
LDYMLR,Q9Y490,EAGKALDyYMLRNGD,Y70,-0.57655065451543,-0.5564984366242423,-0.12113087945270193,-0.5977533734335733
LDYMLR,Q9Y490,EAGKALDyYMLRNGD,Y70,-0.5679558925673379,-0.6059130733458787,-0.02774502916013987,0.07461832960201509
MVDACR,Q9Y490,FEPSTMVyDACRIIR,Y26,-0.1635799798577706,-0.33979457950307046,-0.06231320126048645,-0.17148211599188512
MVDACR,Q9Y490,FEPSTMVyDACRIIR,Y26,-0.14123146829632824,-0.27836283992619804,-0.05088016360460503,-0.29315791583430006
MVDACR,Q9Y490,FEPSTMVyDACRIIR,Y26,-0.003599755100143683,-0.22620254080835717,0.011426400104672118,-0.4874029544570686
SDGRLA,Q9Y490,ANQLTSDyGRLASEA,Y1893,-0.1175372104732372,-0.694667515158639,0.00748080934268458,0.10670462749571633
QIRRRS,P62995,AQDRDQIyRRRSPSP,Y260,-0.7002064682391245,-0.9139699409517984,-0.5552882353952265,0.28606905003325833
QCQAPG,Q15654,PLPSEQCyQAPGGPE,Y55,-0.8319498836627176,-1.0158377752549448,-1.1225858121019734,-0.07121974560883305
PARTGS,Q15654,EPPPPPAyRTGSLKP,Y131,-0.8152723887210396,-0.5872799316642605,-0.3928875674884624,-0.8750047915205286
QAEPPP,Q15654,RRPDRQAyEPPPPPA,Y123,-0.36368980756620317,-0.26261659666756976,-0.3562041704405002,-0.31695994730172955
FLDEVH,Q6IBS0,ELTAEFLyDEVHPKQ,Y309,0.017806547493178435,0.08368840124624553,0.05651019467344047,0.17576227107657427
PCIRDS,P29597,QAEGEPCyIRDSGVA,Y292,-0.34081663962539577,-0.30712690582063407,-0.03291359988344906,-0.22805014325577966
GLSRQL,P22314,ADIDEGLySRQLYVL,Y55,-0.21664377209270114,-0.21870003026371435,-0.14038315552612193,-0.37593539790516495
ELSRQL,P41226,KLLDEELySRQLYVL,Y15,-1.4115859506956547,-1.2491362804027613,-0.5826760467738199,-0.2750544390190955
KWTIFK,Q9BZL1,KIVLKKWyTIFKDHV,Y48,-1.942943860445297,-1.6788376457361387,-0.6958776045159225,0.23267412527662631
DYRQGR,P30530,KIYNGDYyRQGRIAK,Y703,-0.9258795925084986,-1.1591125422930242,-0.11627851617654456,-0.10142752475580614
DYRQGR,P30530,KIYNGDYyRQGRIAK,Y703,-0.845987140863595,-0.8414717683841078,-0.3131265293538726,-0.3388681397436464
DYRQGR,P30530,KIYNGDYyRQGRIAK,Y703,-0.7949808302928774,-0.8085837509148104,-0.3768664724179763,-0.5938154846046836
DYRQGR,P30530,KIYNGDYyRQGRIAK,Y703,-0.5857387627112447,-0.7074423807837684,-0.3811258106848214,-0.44970905122613913
GDYRQG,P30530,KKIYNGDyYRQGRIA,Y702,-0.7949808302928774,-0.8085837509148104,-0.3768664724179763,-0.5938154846046836
GDYRQG,P30530,KKIYNGDyYRQGRIA,Y702,-0.5857387627112447,-0.7074423807837684,-0.3811258106848214,-0.44970905122613913
PIIDLR,P11172,SGLSSPIyIDLRGIV,Y37,0.012666660841189363,-0.2927657258418297,0.15606753488537062,0.12420895086009191
QIHNPT,P50552,AFSRVQIyHNPTANS,Y39,-0.36776155647063274,-0.4722946208943868,0.04851164304181202,0.0687113881993675
DVRSLE,P52735,TENDDDVyRSLEELA,Y142,-1.036767224509581,-1.0632598025657836,-0.7565691611030178,-0.07274816065298992
RFGPQV,O00401,EITTNRFyGPQVNNI,Y175,-1.2887013631807247,-1.1561587405720084,-0.4720234502234268,-0.24868496930031353
VIDFIE,O00401,RETSKVIyDFIEKTG,Y256,-0.424427098398195,-0.3380256380379479,-0.08895144394743934,-0.15019230121229557
GIAISW,O75083,KAHDGGIyAISWSPD,Y238,0.2421583517966119,-0.3618229662763399,0.31109484239001695,0.34559428555673266
APFLGS,P30291,VKSPAAPyFLGSSFS,Y132,0.3034526477232365,-0.39583427662069687,0.18794207857020231,-0.0694940788762949
APFLGS,P30291,VKSPAAPyFLGSSFS,Y132,0.0785809226546436,-0.07733486851672478,0.2940781570289367,-0.08461054062578863
APFLGS,P30291,VKSPAAPyFLGSSFS,Y132,0.0785809226546436,-0.07733486851672478,0.2940781570289367,-0.08461054062578863
PPRMHG,Q8TF74,APPPPPPyRMHGSEP,Y346,-0.5195257272642089,-0.5967863904161581,-0.1851561993682232,-0.0275017725242265
SHGAEP,P07947,VSTSVSHyGAEPTTV,Y32,,,,inf
PTRYES,Q07157,RDLEQPTyRYESSSY,Y1059,-0.9594321323389673,-1.216176242860838,-0.48046743065132397,-0.07838100692136947
PTRYES,Q07157,RDLEQPTyRYESSSY,Y1059,-0.7327692805934882,-0.9614904311267046,-0.4735000994056144,-0.18724422459710047
SESMYS,Q07157,LSAPGSEySMYSTDS,Y830,-0.1120622276491208,-0.12914515129997764,0.23666952456375318,-0.13958121273677412
EQSRSY,Q07157,SKQYFEQySRSYEQV,Y1195,-1.2447385454648077,-1.3246203868425461,-0.2303991441686764,0.21527032918963304
PANRFT,Q07157,QKTVTPAyNRFTPKP,Y1524,-0.769817191622833,-1.0137352288211163,-0.14695254529610108,0.06475560164708254
TSSPQA,Q07157,TPAPSTSySPQADSL,Y967,-0.7535580144455771,-0.3889126743727034,-0.345504717690638,-0.8287448240826862
LSDSRP,Q07157,EEPAPLSyDSRPRYE,Y1140,-0.648439502143119,-1.0118190925954487,-0.47897467739514216,-0.0007974466187402605
KQFEQY,Q07157,KPAESKQyFEQYSRS,Y1191,-0.6332163556826123,-0.7646396558660293,-0.11956397407641559,0.07294036178663091
SSTDQF,Q07157,YRYESSSyTDQFSRN,Y1066,-0.506640271117278,-0.9358167427529414,-0.17145919702315676,0.026563617116485815
PGDTHG,Q07157,EEQPAPGyDTHGRLR,Y1165,-0.4426061183456583,-0.5405941509067895,-0.36051368187696564,-0.2860119530246298
SMSTDS,Q07157,PGSEYSMySTDSRHT,Y833,-0.11226209023151396,-0.46201041408792726,0.0008146931096123693,-0.44372130729306314
YEKSNP,Q9UDY2,DFSKSYEyKSNPSAV,Y1015,-0.8562815393822393,-0.9215000346372999,-0.24366857892384033,0.26886930084644856
QDERAY,Q9UDY2,GRSIDQDyERAYHRA,Y249,0.04569827354387382,-0.43091548096663035,-0.16623651472737525,0.20331750261855658
QDERAY,Q9UDY2,GRSIDQDyERAYHRA,Y249,-1.0556080254953666,-0.7568382852415377,-0.25843172533100883,-0.07824300769606753
QDERAY,Q9UDY2,GRSIDQDyERAYHRA,Y249,-1.0556080254953666,-0.7568382852415377,-0.25843172533100883,-0.07824300769606753
RADPDY,Q9UDY2,ERAYHRAyDPDYERA,Y257,-2.122381313919358,-1.930847469465382,-0.9456649009975504,-0.0029820737468870383
RADPDY,Q9UDY2,ERAYHRAyDPDYERA,Y257,-0.8905564899539188,-1.0877272199337125,-0.5535163853385014,0.0917777812444937
PDERAY,Q9UDY2,HRAYDPDyERAYSPE,Y261,-2.122381313919358,-1.930847469465382,-0.9456649009975504,-0.0029820737468870383
PDERAY,Q9UDY2,HRAYDPDyERAYSPE,Y261,-0.6300466882832386,-0.8642309862158005,-0.2770400438490533,0.007183914622775421
RPQDTR,Q9UDY2,QKAPSRPyQDTRGSY,Y1150,-1.1829961875185686,-1.0356068565764713,-0.6200874306595011,-0.24017493862697084
AIGPNT,Q9UDY2,SPEDEAIyGPNTKMV,Y506,-1.115144633043074,-1.3745837937189314,-0.6679735346724957,-0.05025730065857573
RGYGQS,Q9UDY2,SEHSKRGyYGQSARY,Y1178,-0.8742598441526936,-1.0012562804730736,-0.3116838707638417,-0.3935513513079669
ESDFSK,Q9UDY2,TQNKEESyDFSKSYE,Y1007,-0.3301349841689596,-0.9099309536555658,-0.32386374217514996,-0.01921842841009124
DIAVPI,Q9UDY2,AQKHPDIyAVPIKTH,Y1118,-0.2879155349286513,-0.7251400734923642,-0.11363767007599213,-0.11499612304668881
DIAVPI,Q9UDY2,AQKHPDIyAVPIKTH,Y1118,-0.0735614619973278,-0.3382410827997229,-0.03802963154085654,-0.14732532951781385
ADLSCD,Q9UDY2,LTAMGADyLSCDSRL,Y911,-0.03066061132818233,-0.1595120304073079,0.0849131109181104,-0.13813373966497736
FTAQQR,Q15942,PQPPSFTyAQQREKP,Y316,-1.5810031064920094,-1.160532679716914,-0.8400830583939686,0.432409248803323
SGVPPP,Q15942,KARVSSGyVPPPVAT,Y172,-0.3386802830556946,-0.5779858853420708,-0.24236072745061718,-0.31560537013369033
SQGQEV,P56945,RGLLPSQyGQEVYDT,Y262,-0.6160272600291506,-0.4478063386092352,-0.2016788091411434,0.07653506551071652
SQGQEV,P56945,RGLLPSQyGQEVYDT,Y262,-0.6160272600291506,-0.4478063386092352,-0.2016788091411434,0.07653506551071652
,P56945,YGQEVYDtPPMAVKG,T269,-0.6160272600291506,-0.4478063386092352,-0.2016788091411434,0.07653506551071652
,Q03135,SGGKYVDsEGHLYTV,S9,-0.36748539443471195,-0.4865816645158099,-0.03385211582586469,-0.3444040610568001
,Q8N1I0,PVRKESKtPPPYSVY,T1899,0.013762446176734463,-0.2474680783231489,0.07784409633247788,0.2907261254691983
,P29317,KTYVDPHtYEDPNQA,T593,,,-0.3045953726825101,-0.20923179277133233
,P54753,KVYIDPFtYEDPNEA,T613,0.023405642018098447,-0.016684777219546854,0.3161930561357224,0.3062247661937373
,Q05397,SRYMEDStYYKASKG,T575,0.5419795916092675,0.27284524919303893,0.47753963172780806,0.41381920271431055
,Q05397,SRYMEDStYYKASKG,T575,0.49620918130795794,0.1733164043002113,0.2917563260756998,0.30949750300667406
,Q05397,SRYMEDStYYKASKG,T575,0.06556653086575549,-0.03416295023720897,0.2604108554233769,-0.14784689698089495
,Q9Y297,PPRSPSRtYTYISR,T599,1.1391637755883792,0.11858095359099072,0.44452870074991246,0.21567817946604467
,O14964,LRQKSTYtSYPKAEP,T287,0.5943805157399062,-0.2243713059360424,0.1439795281516683,0.20383840446464016
,O60341,LSEDEYYsEEERNAK,S137,-0.23131436407093472,-0.6089507029081095,-0.5076640429232729,-0.4978249630841658
,O14974,YKQKYSRtYDETYQR,T761,-2.1239301064119798,-1.877712372520765,-1.0527824885481163,0.0023151118422586616
,Q99569,NNYALNTtATYAEPY,T475,-0.5211594924913256,-0.6851235221755118,-0.006066945488479342,0.19980264941574294
,Q6NZI2,DKLRKSFtPDHVVYA,T302,-1.3533928453393649,-1.522174674539874,-0.7861708150817935,-0.0019524911109584126
,Q6NZI2,DKLRKSFtPDHVVYA,T302,-0.8333902415327346,-0.9984490348793502,-0.561735098718271,-0.25007279229643403
,Q13242,SPYQSRGsPHYFSPF,S211,-0.2525696821716405,-0.4060275299273979,-0.04098835591442537,0.03696615429022452
PHFSPF,Q13242,QSRGSPHyFSPFRPY,Y214,-0.2525696821716405,-0.4060275299273979,-0.04098835591442537,0.03696615429022452
PHFSPF,Q13242,QSRGSPHyFSPFRPY,Y214,-0.2525696821716405,-0.4060275299273979,-0.04098835591442537,0.03696615429022452
,P30291,AAPYFLGsSFSPVRC,S136,0.0785809226546436,-0.07733486851672478,0.2940781570289367,-0.08461054062578863
,Q9UDY2,RDRSRGRsIDQDYER,S244,-1.0556080254953666,-0.7568382852415377,-0.25843172533100883,-0.07824300769606753
,Q9UDY2,PDYERAYsPEYRRGA,S266,-1.0304729010415423,-1.070930009332831,-0.30388043016602395,-0.016625262013543352
PERRGA,Q9UDY2,ERAYSPEyRRGARHD,Y269,-1.0304729010415423,-1.070930009332831,-0.30388043016602395,-0.016625262013543352
PERRGA,Q9UDY2,ERAYSPEyRRGARHD,Y269,-1.0304729010415423,-1.070930009332831,-0.30388043016602395,-0.016625262013543352
