6mer_peptide,col1,col2,col3,col4,col5,predicted_class,binder_prob,confidence_category
AIEVVS,SSAGDAIyEVVSLQR,pY,A6H6A9,Y455,group1,1.0,0.9412899141034929,confident binder
DRKFVY,QEDPMDRyKFVYL__,pY,A6H6A9,Y810,group1,1.0,0.8062533133178332,confident binder
VKLPPN,DGRIIVKyLPPNVTS,pY,Q0VBL1,Y314,group1,0.0,0.5122315302849837,low-confidence
KRYRAG,VLTTVKRyYRAGLIQ,pY,Q0VBL1,Y337,group1,0.0,0.2944772282269568,confident nonbinder
RYRAGL,LTTVKRYyRAGLIQK,pY,Q0VBL1,Y338,group1,0.0,0.0015074290021708787,confident nonbinder
VQLVEW,TLDGKVQyLVEWEGA,pY,Q02395,Y583,group1,1.0,0.717308906549093,confident binder
GLIAKQ,PAVTRGLyIAKQATG,pY,Q8R1X6,Y482,group1,1.0,0.8086094212985737,confident binder
EDQIVE,GHTLLEDyQIVERPQ,pY,Q8R1X6,Y632,group1,1.0,0.7161397435842989,confident binder
DGELVE,MEILKDGyELVEDKY,pY,D0VYS2,Y235,group1,1.0,0.9075122539386407,confident binder
NLSSLP,LKGDGNLySSLPLTK,pY,Q9Z0W1,Y339,group1,1.0,0.9294606584166235,confident binder
ETKPEA,TPAHTETyKPEATTF,pY,Q8R183,Y174,group1,0.0,0.026594543915396396,confident nonbinder
GSESAS,VPVIKGSyESASITR,pY,Q8K450,Y273,group1,0.0,0.13902260337258865,confident nonbinder
GDVLSV,SSTCPGDyVLSVSEN,pY,P47941,Y48,group1,0.0,0.48264642877187636,low-confidence
IHLDTT,LEFYKIHyLDTTTLI,pY,P47941,Y92,group1,0.0,0.5,low-confidence
PRPSPP,LIEPAPRyPSPPVGS,pY,P47941,Y105,group1,0.0,0.08365489286309569,confident nonbinder
LEVRTL,TAEENLEyVRTLYDF,pY,P47941,Y127,group1,1.0,0.8657312414337832,confident binder
TLDFPG,LEYVRTLyDFPGNDA,pY,P47941,Y132,group1,1.0,0.8320292949439926,confident binder
VPVEKL,VGMIPVPyVEKLVRS,pY,P47941,Y177,group1,1.0,0.8169233631798845,confident binder
NSGIPE,GNRNSNSyGIPEPAH,pY,P47941,Y198,group1,,,0
HAAQPQ,IPEPAHAyAQPQTTT,pY,P47941,Y207,group1,1.0,0.7761016154637094,confident binder
CADKTA,QKRVPCAyDKTALAL,pY,P47941,Y251,group1,0.0,0.5284255445942125,low-confidence
KMYSRR,LYIGCKMyYSRRGIR,pY,Q91Z22,Y177,group1,0.0,0.29879376205675007,confident nonbinder
IRRSID,YSRRGIRyRSIDEHD,pY,Q91Z22,Y185,group1,0.0,0.008352267270353445,confident nonbinder
ESSVYV,KRSRKESySVYVYKV,pY,Q8CGP2,Y38,group1,1.0,0.670926039789405,confident binder
SVVYKV,RKESYSVyVYKVLKQ,pY,Q8CGP2,Y41,group1,1.0,0.8377949521315146,confident binder
YVKVLK,ESYSVYVyKVLKQVH,pY,Q8CGP2,Y43,group1,1.0,0.955008237627114,confident binder
AHNKRS,EASRLAHyNKRSTIT,pY,Q8CGP2,Y84,group1,0.0,0.06201278323276115,confident nonbinder
MHLLST,YQARKMHyLLSTKQI,pY,Q9D552,Y183,group1,1.0,0.5950661422900593,low-confidence
QCLYLF,VACIVQCyLYLFYSP,pY,Q8BXT9,Y239,group1,1.0,0.9365754727027623,confident binder
VIDDVP,ALEEDVIyDDVPCES,pY,A2AWP8,Y131,group1,1.0,0.8298938035794151,confident binder
LVEDVH,GAERGLVyEDVHRAG,pY,A2AWP8,Y152,group1,1.0,0.9703288219469665,confident binder
DGEAAA,REKRDDGyEAAASSK,pY,Q9Z315,Y102,group1,1.0,0.6879125084309614,confident binder
SELSPE,GPRLASEyLSPEEMV,pY,Q9Z315,Y390,group1,1.0,0.7513372442631422,confident binder
TQLKAS,KAAPITQyLKASSSY,pY,O89020,Y212,group1,1.0,0.558678809452801,low-confidence
_MDNMS,______MyDNMSTMV,pY,O88447,Y2,group1,,,
MVIKEE,DNMSTMVyIKEEKLE,pY,O88447,Y10,group1,0.0,0.4661524893385768,low-confidence
GKEEVE,LCQNQGKyEEVEYYY,pY,O88447,Y353,group1,1.0,0.805794760269867,confident binder
VEYYQR,GKYEEVEyYYQRALG,pY,O88447,Y358,group1,0.0,0.4149113797903918,low-confidence
EYYQRA,KYEEVEYyYQRALGI,pY,O88447,Y359,group1,1.0,0.5811508514256953,low-confidence
YYQRAL,YEEVEYYyQRALGIY,pY,O88447,Y360,group1,1.0,0.885019571942328,confident binder
GEGGWY,DGSAFGEyGGWYKAC,pY,O88447,Y448,group1,1.0,0.9555804115024212,confident binder
VKESGP,LNMDVVKyESGPDGG,pY,O88447,Y531,group1,0.0,0.05580535107859334,confident nonbinder
DGVRIH,SSGGEDGyVRIHYFD,pY,Q9QZD9,Y308,group1,,,1
LSEDAD,GRRSSLSyEDADCVV,pY,Q61830,Y1046,group1,0.0,0.41364653586928835,low-confidence
VRTNWG,TDRWRVRyTNWGADE,pY,Q61830,Y1175,group1,1.0,0.9918076467015527,confident binder
DGWRTS,VYMDVDGyWRTSYCN,pY,Q61830,Y1197,group1,1.0,0.9756287286268139,confident binder
QISRQL,LFAGMQIySRQLAST,pY,Q5RL79,Y26,group1,1.0,0.7878299529733117,confident binder
ESTLTP,KPECSESyTLTPEVG,pY,P11416,Y178,group1,0.0,0.09340850769587984,confident nonbinder
PPLQES,VTPTAPPyLQESSPR,pY,Q9CZX7,Y28,group1,0.0,0.1789097000146667,confident nonbinder
LLLEFL,LTSDDLLyLEFLQKF,pY,P62814,Y451,group1,1.0,0.8692357811714424,confident binder
GPENRT,NFITQGPyENRTVYE,pY,P62814,Y468,group1,0.0,0.32246256792501393,confident nonbinder
EFPRDS,QSTLSEFyPRDSAKH,pY,P62814,Y504,group1,0.0,0.10190729340871152,confident nonbinder
SSAFFV,PRGKMSSyAFFVQTC,pY,P63158,Y16,group1,1.0,0.7065887445669938,confident binder
AARAKG,YEKDIAAyRAKGKPD,pY,P63158,Y162,group1,0.0,0.0016153945799312341,confident nonbinder
AQGKLE,PLFVAAQyGKLESMS,pY,Q9WV72,Y189,group1,0.0,0.41544199794200015,low-confidence
SQEKLD,NPVLVSQyEKLDAGE,pY,Q400C8,Y26,group1,1.0,0.7847820194432336,confident binder
SASASK,SIPFRSAySASKHAT,pY,Q99J47,Y205,group1,0.0,0.10718152726289294,confident nonbinder
AEFELP,RLQREAEyFELPELV,pY,Q6WVG3,Y119,group1,1.0,0.9329087098852887,confident binder
LGAEPE,DELLPLGyAEPEPQE,pY,Q6WVG3,Y163,group1,1.0,0.9263012038317039,confident binder
GSTIGR,TIGYRGSyTIGRDAQ,pY,Q6WVG3,Y220,group1,0.0,0.0997650925809194,confident nonbinder
IKDSLL,NRKRSIKyDSLLEQG,pY,Q8BVE8,Y175,group1,1.0,0.8339215061326386,confident binder
SPESAD,DEPSESPyESADETQ,pY,Q8BVE8,Y641,group1,0.0,0.16069301901760413,confident nonbinder
SSHARA,SPDGRSSyHARAEDP,pY,Q8R0F5,Y234,group1,0.0,0.13296282959161881,confident nonbinder
KKRHSR,KSHRHKKyRHSRERD,pY,Q8R0F5,Y309,group1,0.0,0.0005842087384489247,confident nonbinder
RADGLS,VTHGLRAyDGLSLPE,pY,Q05793,Y29,group1,0.0,0.34229419598405925,confident nonbinder
SRGWTY,ETVTASRyGWTYSYL,pY,Q05793,Y46,group1,1.0,0.8408933753172211,confident binder
WTSYLS,ASRYGWTySYLSDDE,pY,Q05793,Y50,group1,0.0,0.06063508976549843,confident nonbinder
YSLSDD,RYGWTYSyLSDDEDL,pY,Q05793,Y52,group1,0.0,0.09344195597208893,confident nonbinder
MVFRAL,SGDFQMVyFRALVNF,pY,Q05793,Y83,group1,1.0,0.7631319168519056,confident binder
GPLEIL,DSWDFGPyLEILNSA,pY,Q61419,Y439,group1,1.0,0.9424979439888107,confident binder
RRSDFD,SWQIVRRySDFDLLN,pY,Q8BX57,Y56,group1,0.0,0.1718448335474984,confident nonbinder
RSFTQF,LPSFYRSyFTQFRKI,pY,Q8BX57,Y320,group1,0.0,0.28791557864365563,confident nonbinder
SSRTDI,DRMSISSyRTDISMA,pY,O70570,Y684,group1,0.0,0.0007251156259649054,confident nonbinder
MASAFL,KEEADMAySAFLLQS,pY,O70570,Y750,group1,1.0,0.565169370220055,low-confidence
EPRSPA,RKTKTEPyRSPAMAG,pY,Q80VA0,Y382,group1,0.0,0.001278562264086277,confident nonbinder
PVSPGS,___MNPVySPGSSGV,pY,Q80XQ8,Y5,group1,0.0,0.03659492296273086,confident nonbinder
VPANAK,PGSSGVPyANAKGIG,pY,Q80XQ8,Y14,group1,1.0,0.9257675186773461,confident binder
IGPAGF,ANAKGIGyPAGFPVG,pY,Q80XQ8,Y22,group1,0.0,0.3106592347126782,confident nonbinder
VGAAAP,PAGFPVGyAAAPAYS,pY,Q80XQ8,Y30,group1,1.0,0.5617238123716443,low-confidence
PASPNM,GYAAAPAySPNMYPG,pY,Q80XQ8,Y36,group1,0.0,0.06987326603127844,confident nonbinder
NMPGAN,PAYSPNMyPGANPTF,pY,Q80XQ8,Y41,group1,0.0,0.12138965514188582,confident nonbinder
TGTPGT,NPTFQTGyTPGTPYK,pY,Q80XQ8,Y52,group1,0.0,0.021687986747662084,confident nonbinder
TPKVSC,GYTPGTPyKVSCSPT,pY,Q80XQ8,Y58,group1,1.0,0.9590516104242355,confident binder
PPSSSP,TSGAVPPySSSPNPY,pY,Q80XQ8,Y72,group1,0.0,0.019983840313391128,confident nonbinder
NPQTAV,YSSSPNPyQTAVYPV,pY,Q80XQ8,Y79,group1,1.0,0.5677775025296093,low-confidence
AVPVRS,NPYQTAVyPVRSAYP,pY,Q80XQ8,Y84,group1,0.0,0.4072931781660531,low-confidence
PTRAPG,HPVTVPTyRAPGTPT,pY,Q80XQ8,Y179,group1,0.0,0.0004865635804322851,confident nonbinder
SSDIDN,RLRSESSyDIDNIVI,pY,Q5DTI6,Y774,group1,0.0,0.020739307595845694,confident nonbinder
VAAPKK,HTVEAVAyAPKKELI,pY,Q08297,Y54,group1,0.0,0.39494827954387324,confident nonbinder
SQEEVL,KLAALSQyEEVLAKL,pY,Q8JZL7,Y170,group1,1.0,0.9406864221317057,confident binder
DDSSST,LEDDDDDySSSTSLL,pY,Q99NB9,Y70,group1,0.0,0.011996051449924357,confident nonbinder
EQDPFA,IPQSTEQyDPFAEHR,pY,Q99NB9,Y101,group1,0.0,0.35944295420916794,confident nonbinder
AGVPIR,VLPPPAGyVPIRTPA,pY,Q99NB9,Y421,group1,1.0,0.8854168606077399,confident binder
RPVHKI,LDDLVRPyVHKILVV,pY,Q99NB9,Y570,group1,0.0,0.015853399265172537,confident nonbinder
FEIGEM,SLSFLFEyIGEMGKD,pY,Q99NB9,Y1157,group1,1.0,0.726030079048535,confident binder
QQEVVR,LLPLIQQyEVVRLDD,pY,Q91VI7,Y25,group1,1.0,0.956202724073707,confident binder
LECNLT,LEKLQLEyCNLTATS,pY,Q91VI7,Y146,group1,1.0,0.9881284674899663,confident binder
CPFCSV,LTAASCPyFCSVLTK,pY,Q91VI7,Y327,group1,1.0,0.7243520041644056,confident binder
SGHYLR,GTGGSSGyHYLRSTV,pY,P48776,Y348,group1,1.0,0.8878467247943391,confident binder
YHLRST,GGSSGYHyLRSTVSD,pY,P48776,Y350,group1,1.0,0.7212241898326416,confident binder
AESDSS,KFLYTAEySDSSYFS,pY,P48776,Y394,group1,0.0,0.049243855221935064,confident nonbinder
SSFSSD,AEYSDSSyFSSDESD,pY,P48776,Y399,group1,0.0,0.02308481562252877,confident nonbinder
VDESEE,KQEEEVDyESEEEGE,pY,O35134,Y1434,group1,0.0,0.03515794003760829,confident nonbinder
STQENY,PDSASSTyQENYEQM,pY,Q3ULD5,Y42,group1,0.0,0.1332177205319392,confident nonbinder
ENEQMK,SSTYQENyEQMKALV,pY,Q3ULD5,Y46,group1,1.0,0.835307314979159,confident binder
ARNDWS,GDCSGARyNDWSDDD,pY,Q8BHS6,Y57,group1,1.0,0.9823274634065424,confident binder
KEKEVI,SLFNKKEyKEVILKL,pY,Q8BHS6,Y298,group1,1.0,0.8112650228655605,confident binder
LSREPD,LEESNLSyREPDPED,pY,P19973,Y140,group1,0.0,0.0015245177587889878,confident nonbinder
QQTQAT,IDERLQQyTQATESS,pY,P19973,Y225,group1,0.0,0.21899688575795068,confident nonbinder
KRKFVA,STPSGKRyKFVATGH,pY,P19973,Y309,group1,1.0,0.8308460236440081,confident binder
GKEKVL,VATGHGKyEKVLVDE,pY,P19973,Y319,group1,1.0,0.8679988410082334,confident binder
TEVATR,GGQALTEyVATRWYR,pY,Q80Y86,Y178,group1,1.0,0.6012650928969234,confident binder
DKLADG,QEALIDKyLADGGDP,pY,Q812A3,Y131,group1,0.0,0.04574061180226918,confident nonbinder
LLPKTV,RERELLLyPKTVCVI,pY,Q3UY96,Y420,group1,0.0,0.5207755186089127,low-confidence
PRSQPA,AAPAEPRySQPATST,pY,P09021,Y86,group1,1.0,0.6254465379147981,confident binder
KEMGLA,SKNAKKEyMGLAIKN,pY,P97927,Y889,group1,1.0,0.8349419527779727,confident binder
LVVYNL,IKNDNLVyVYNLGMK,pY,P97927,Y901,group1,1.0,0.8456388508438353,confident binder
YVNLGM,NDNLVYVyNLGMKDV,pY,P97927,Y903,group1,1.0,0.5694141785967912,low-confidence
TKPSLS,IDEQRTKyPSLSSYS,pY,P97817,Y447,group1,0.0,0.4288509234081955,low-confidence
YS____,PSLSSYSy_______,pY,P97817,Y455,group1,,,
VKHHCT,ASVEMVKyHHCTDEP,pY,Q61024,Y204,group1,0.0,0.007033174622400936,confident nonbinder
AIDSVE,DEPLHAIyDSVEKLF,pY,Q61024,Y216,group1,1.0,0.8286421410538916,confident binder
VQPLQT,LKEAQVQyPLQTFAI,pY,Q61024,Y281,group1,0.0,0.14496338630324423,confident nonbinder
DSNRCL,NEVIPDSyNRCLVAG,pY,Q8CJF7,Y518,group1,0.0,0.4472169804303065,low-confidence
DQGKIL,RNSILDQyGKILPRV,pY,Q8CJF7,Y1000,group1,1.0,0.6139412322465926,confident binder
LEHDAP,SDQTSLEyHDAPSPE,pY,Q8CJF7,Y1331,group1,0.0,0.3778469165733874,confident nonbinder
ELPLGA,NLSFDELyPLGAEKL,pY,Q8CJF7,Y1546,group1,0.0,0.46375778440585347,low-confidence
TELNYE,KHIIATEyLNYEDGK,pY,Q68FL6,Y588,group1,1.0,0.9792862255942395,confident binder
LNEDGK,IATEYLNyEDGKFSK,pY,Q68FL6,Y591,group1,0.0,0.2564250708374523,confident nonbinder
ADMGAD,WEQGQADyMGADSFD,pY,Q9R062,Y315,group1,0.0,0.09433008667486713,confident nonbinder
GAPRLS,VEFTTGAyPRLSLSF,pY,P50571,Y230,group1,1.0,0.7350343287272751,confident binder
IQRKPL,YDSASIQyRKPLSSR,pY,P50571,Y404,group1,0.0,0.0098823139977773,confident nonbinder
GITVPN,ALMYRGIyTVPNLLS,pY,Q91ZM8,Y16,group1,1.0,0.8368300981109955,confident binder
LGMPNE,TAMRSLGyMPNEVEL,pY,Q91ZM8,Y67,group1,0.0,0.11938150497800781,confident nonbinder
VGSLSL,QVMYTVGySLSLGAL,pY,Q61606,Y150,group1,1.0,0.6005554785096836,confident binder
CGIRTV,GSLAECGyIRTVLGQ,pY,Q9CQ73,Y12,group1,1.0,0.8518404611637015,confident binder
PEVYKL,RTSSVPEyVYKLHVV,pY,Q9CQ73,Y86,group1,1.0,0.7340933535839351,confident binder
ATGSRW,KAGMTATyGSRWGRA,pY,Q9CQ73,Y119,group1,0.0,0.06485631742810799,confident nonbinder
AQSSQK,WGRAAAQySSQKSVE,pY,Q9CQ73,Y130,group1,0.0,0.09569700743083877,confident nonbinder
AHGHSE,SSPERAHyGHSEYQY,pY,Q9CQ73,Y161,group1,0.0,0.00021824275572036514,confident nonbinder
SEQYAW,AHYGHSEyQYAWRSH,pY,Q9CQ73,Y166,group1,0.0,0.48605660791071736,low-confidence
YQAWRS,YGHSEYQyAWRSHVV,pY,Q9CQ73,Y168,group1,1.0,0.8908806483798271,confident binder
EKSQSI,EAELPEKySQSIYMQ,pY,Q9CQ73,Y540,group1,0.0,0.062251666535880296,confident nonbinder
SIMQNR,EKYSQSIyMQNRNIQ,pY,Q9CQ73,Y545,group1,0.0,0.43432620205639155,low-confidence
EQQDLQ,SRKLKEQyQDLQMPE,pY,Q9CQ73,Y573,group1,1.0,0.7534733257707599,confident binder
QRRSIR,TSKASQRyRSIRRNA,pY,Q7TQ69,Y10,group1,0.0,0.04923848360395471,confident nonbinder
HPPALT,___MPHPyPALTPEQ,pY,P05064,Y5,group1,1.0,0.597553184334664,low-confidence
ARASIC,NANVLARyASICQQN,pY,P05064,Y174,group1,1.0,0.993852389008377,confident binder
CQVTEK,HDLKRCQyVTEKVLA,pY,P05064,Y204,group1,1.0,0.602076495106248,confident binder
AVKALS,EKVLAAVyKALSDHH,pY,P05064,Y214,group1,1.0,0.8732416768385743,confident binder
